crash_id,unit_nbr,VEH_HNR_FL,prsn_nbr,PRSN_TYPE_ID,DRVR_LIC_TYPE_ID
14864942,1,Y,1,DRIVER,DRIVER LICENSE
14876936,1,Y,1,DRIVER,DRIVER LICENSE
14891185,1,Y,1,DRIVER,DRIVER LICENSE
14911476,1,Y,1,DRIVER,DRIVER LICENSE
14915669,1,Y,1,DRIVER,DRIVER LICENSE
14890080,1,Y,1,DRIVER,DRIVER LICENSE
14863325,3,Y,1,DRIVER,DRIVER LICENSE
14910397,1,Y,1,DRIVER,DRIVER LICENSE
14893466,1,Y,1,DRIVER,DRIVER LICENSE
14902634,1,Y,1,DRIVER,DRIVER LICENSE
14915917,1,Y,1,DRIVER,DRIVER LICENSE
14859785,1,Y,1,DRIVER,DRIVER LICENSE
14867716,1,Y,1,DRIVER,DRIVER LICENSE
14873477,1,Y,1,DRIVER,DRIVER LICENSE
14882957,2,Y,1,DRIVER,DRIVER LICENSE
14900821,1,Y,1,DRIVER,DRIVER LICENSE
14916846,1,Y,1,DRIVER,DRIVER LICENSE
14904944,1,Y,1,DRIVER,DRIVER LICENSE
14917356,1,Y,1,DRIVER,DRIVER LICENSE
14906172,1,Y,1,DRIVER,DRIVER LICENSE
14912288,1,Y,1,DRIVER,DRIVER LICENSE
14882957,3,Y,1,DRIVER,DRIVER LICENSE
14889491,1,Y,1,DRIVER,DRIVER LICENSE
14892761,1,Y,1,DRIVER,DRIVER LICENSE
14893429,1,Y,1,DRIVER,DRIVER LICENSE
14866317,1,Y,1,DRIVER,DRIVER LICENSE
14907636,1,Y,1,DRIVER,DRIVER LICENSE
14849664,1,Y,1,DRIVER,DRIVER LICENSE
14913873,1,Y,1,DRIVER,DRIVER LICENSE
14852072,1,Y,1,DRIVER,DRIVER LICENSE
14908851,1,Y,1,DRIVER,DRIVER LICENSE
14893846,1,Y,1,DRIVER,DRIVER LICENSE
14904837,1,Y,1,DRIVER,DRIVER LICENSE
14883323,1,Y,1,DRIVER,DRIVER LICENSE
14896030,2,Y,1,DRIVER,DRIVER LICENSE
14916770,1,Y,1,DRIVER,DRIVER LICENSE
14885720,1,Y,1,DRIVER,DRIVER LICENSE
14903598,2,Y,1,DRIVER,DRIVER LICENSE
14904717,1,Y,1,DRIVER,DRIVER LICENSE
14902713,1,Y,1,DRIVER,DRIVER LICENSE
14847744,1,Y,1,DRIVER,DRIVER LICENSE
14865369,2,Y,1,DRIVER,DRIVER LICENSE
14871426,1,Y,1,DRIVER,DRIVER LICENSE
14918595,1,Y,1,DRIVER,DRIVER LICENSE
14888683,1,Y,1,DRIVER OF MOTORCYCLE TYPE VEHICLE,DRIVER LICENSE
14901991,1,Y,1,DRIVER,DRIVER LICENSE
14910940,1,Y,1,DRIVER,DRIVER LICENSE
14902207,2,Y,1,DRIVER,DRIVER LICENSE
14920271,1,Y,1,DRIVER,DRIVER LICENSE
14842987,2,Y,1,DRIVER,DRIVER LICENSE
14866886,1,Y,1,DRIVER,DRIVER LICENSE
14872708,1,Y,1,DRIVER,DRIVER LICENSE
14869771,1,Y,1,DRIVER,DRIVER LICENSE
14869929,1,Y,1,DRIVER,DRIVER LICENSE
14907191,1,Y,1,DRIVER,DRIVER LICENSE
14908952,1,Y,1,DRIVER,DRIVER LICENSE
14863489,1,Y,1,DRIVER,DRIVER LICENSE
14893846,2,Y,1,DRIVER,COMMERCIAL DRIVER LIC.
14879198,1,Y,1,DRIVER,DRIVER LICENSE
14879499,1,Y,1,DRIVER,DRIVER LICENSE
14881444,1,Y,1,DRIVER,DRIVER LICENSE
14846979,1,Y,1,DRIVER,DRIVER LICENSE
14863226,1,Y,1,DRIVER,DRIVER LICENSE
14911985,1,Y,1,DRIVER,DRIVER LICENSE
14909266,1,Y,1,DRIVER,DRIVER LICENSE
14916725,1,Y,1,DRIVER,DRIVER LICENSE
14872659,1,Y,1,DRIVER,DRIVER LICENSE
14874501,1,Y,1,DRIVER,DRIVER LICENSE
14867772,1,Y,1,DRIVER,DRIVER LICENSE
14901469,1,Y,1,DRIVER,DRIVER LICENSE
14846753,1,Y,1,DRIVER,DRIVER LICENSE
14866769,1,Y,1,DRIVER,DRIVER LICENSE
14868253,1,Y,1,DRIVER,DRIVER LICENSE
14872470,1,Y,1,DRIVER,DRIVER LICENSE
14902149,1,Y,1,DRIVER,DRIVER LICENSE
14865444,1,Y,1,DRIVER,DRIVER LICENSE
14882497,1,Y,1,DRIVER,COMMERCIAL DRIVER LIC.
14904142,1,Y,1,DRIVER,DRIVER LICENSE
14914343,1,Y,1,DRIVER,DRIVER LICENSE
14895983,1,Y,1,DRIVER,COMMERCIAL DRIVER LIC.
14911711,1,Y,1,DRIVER,DRIVER LICENSE
14913519,1,Y,1,DRIVER,DRIVER LICENSE
14842185,1,Y,1,DRIVER,DRIVER LICENSE
14861897,1,Y,1,DRIVER,DRIVER LICENSE
14860490,1,Y,1,DRIVER,DRIVER LICENSE
14865622,1,Y,1,DRIVER,DRIVER LICENSE
14915707,1,Y,1,DRIVER,DRIVER LICENSE
14852093,2,Y,1,DRIVER,DRIVER LICENSE
14857516,1,Y,1,DRIVER,DRIVER LICENSE
14875379,2,Y,1,DRIVER,DRIVER LICENSE
14899531,2,Y,1,DRIVER,DRIVER LICENSE
14867981,1,Y,1,DRIVER,DRIVER LICENSE
14871580,1,Y,1,DRIVER OF MOTORCYCLE TYPE VEHICLE,DRIVER LICENSE
14878106,1,Y,1,DRIVER,DRIVER LICENSE
14904924,1,Y,1,DRIVER,DRIVER LICENSE
14848364,1,Y,1,DRIVER,DRIVER LICENSE
14864168,1,Y,1,DRIVER,DRIVER LICENSE
14865646,1,Y,1,DRIVER,DRIVER LICENSE
14877134,1,Y,1,DRIVER,DRIVER LICENSE
14859594,1,Y,1,DRIVER,DRIVER LICENSE
14878211,1,Y,1,DRIVER,DRIVER LICENSE
14888384,1,Y,1,DRIVER,DRIVER LICENSE
14909141,1,Y,1,DRIVER,DRIVER LICENSE
14842278,1,Y,1,DRIVER,DRIVER LICENSE
14881987,1,Y,1,DRIVER,DRIVER LICENSE
14894786,1,Y,1,DRIVER,DRIVER LICENSE
14870207,1,Y,1,DRIVER,DRIVER LICENSE
14847926,1,Y,1,DRIVER,DRIVER LICENSE
14907034,1,Y,1,DRIVER,DRIVER LICENSE
14916326,1,Y,1,DRIVER,DRIVER LICENSE
14904719,1,Y,1,DRIVER,DRIVER LICENSE
14845673,1,Y,1,DRIVER,DRIVER LICENSE
14889226,1,Y,1,DRIVER,DRIVER LICENSE
14877692,1,Y,1,DRIVER,DRIVER LICENSE
14918258,1,Y,1,DRIVER,DRIVER LICENSE
14844539,1,Y,1,DRIVER,DRIVER LICENSE
14847339,1,Y,1,DRIVER,DRIVER LICENSE
14863133,1,Y,1,DRIVER,DRIVER LICENSE
14865548,1,Y,1,DRIVER,DRIVER LICENSE
14845770,1,Y,1,DRIVER,DRIVER LICENSE
14876746,1,Y,1,DRIVER,DRIVER LICENSE
14920491,1,Y,1,DRIVER,DRIVER LICENSE
14848692,1,Y,1,DRIVER,DRIVER LICENSE
14861361,1,Y,1,DRIVER,DRIVER LICENSE
14878995,1,Y,1,DRIVER,DRIVER LICENSE
14913701,1,Y,1,DRIVER,DRIVER LICENSE
14844344,1,Y,1,DRIVER,DRIVER LICENSE
14866571,1,Y,1,DRIVER,DRIVER LICENSE
14897737,1,Y,1,DRIVER,DRIVER LICENSE
14918246,1,Y,1,DRIVER,DRIVER LICENSE
14838841,1,Y,1,DRIVER,DRIVER LICENSE
14860043,1,Y,1,DRIVER,DRIVER LICENSE
14884269,1,Y,1,DRIVER,DRIVER LICENSE
14910984,1,Y,1,DRIVER,DRIVER LICENSE
14918207,1,Y,1,DRIVER,DRIVER LICENSE
14849279,1,Y,1,DRIVER,DRIVER LICENSE
14893385,1,Y,1,DRIVER,DRIVER LICENSE
14905974,1,Y,1,DRIVER,DRIVER LICENSE
14869291,1,Y,1,DRIVER,DRIVER LICENSE
14882150,1,Y,1,DRIVER,DRIVER LICENSE
14854045,1,Y,1,DRIVER,DRIVER LICENSE
14897509,1,Y,1,DRIVER,DRIVER LICENSE
14898603,3,Y,1,DRIVER,DRIVER LICENSE
14858415,1,Y,1,DRIVER,DRIVER LICENSE
14911937,1,Y,1,DRIVER,DRIVER LICENSE
14900130,1,Y,1,DRIVER,DRIVER LICENSE
14902046,1,Y,1,DRIVER,DRIVER LICENSE
14863325,2,Y,1,DRIVER,DRIVER LICENSE
14871309,1,Y,1,DRIVER,DRIVER LICENSE
14863493,1,Y,1,DRIVER,DRIVER LICENSE
14901065,1,Y,1,DRIVER,DRIVER LICENSE
14885187,1,Y,1,DRIVER,DRIVER LICENSE
14919090,1,Y,1,DRIVER,DRIVER LICENSE
14894452,1,Y,1,DRIVER,DRIVER LICENSE
14897923,1,Y,1,DRIVER,DRIVER LICENSE
14899222,1,Y,1,DRIVER,DRIVER LICENSE
14895934,1,Y,1,DRIVER,DRIVER LICENSE
14855370,1,Y,1,DRIVER,DRIVER LICENSE
14865369,3,Y,1,DRIVER,DRIVER LICENSE
14905090,1,Y,1,DRIVER,DRIVER LICENSE
14910913,2,Y,1,DRIVER,DRIVER LICENSE
14862925,1,Y,1,DRIVER,DRIVER LICENSE
14885731,1,Y,1,DRIVER,DRIVER LICENSE
14911670,1,Y,1,DRIVER,DRIVER LICENSE
14896948,1,Y,1,DRIVER,DRIVER LICENSE
14868065,1,Y,1,DRIVER,DRIVER LICENSE
14846096,1,Y,1,DRIVER,DRIVER LICENSE
14904490,1,Y,1,DRIVER,DRIVER LICENSE
14913537,1,Y,1,DRIVER,DRIVER LICENSE
14852093,1,Y,1,DRIVER,DRIVER LICENSE
14859556,1,Y,1,DRIVER,DRIVER LICENSE
14910793,1,Y,1,DRIVER,DRIVER LICENSE
14868568,1,Y,1,DRIVER,DRIVER LICENSE
14897214,1,Y,1,DRIVER,DRIVER LICENSE
14905736,1,Y,1,DRIVER,DRIVER LICENSE
14851735,1,Y,1,DRIVER,DRIVER LICENSE
14897052,2,Y,1,DRIVER,DRIVER LICENSE
14898703,1,Y,1,DRIVER,DRIVER LICENSE
14919939,1,Y,1,DRIVER,DRIVER LICENSE
14864721,1,Y,1,DRIVER,DRIVER LICENSE
14872344,3,Y,1,DRIVER,DRIVER LICENSE
14886241,1,Y,1,DRIVER,DRIVER LICENSE
14888390,1,Y,1,DRIVER,DRIVER LICENSE
14897226,1,Y,1,DRIVER,DRIVER LICENSE
14859108,1,Y,1,DRIVER,DRIVER LICENSE
14872770,1,Y,1,DRIVER,DRIVER LICENSE
14879793,1,Y,1,DRIVER,DRIVER LICENSE
14892775,1,Y,1,DRIVER,DRIVER LICENSE
14873291,1,Y,1,DRIVER,DRIVER LICENSE
14917866,1,Y,1,DRIVER,DRIVER LICENSE
14876741,1,Y,1,DRIVER,DRIVER LICENSE
14894987,1,Y,1,DRIVER,COMMERCIAL DRIVER LIC.
14915685,1,Y,1,DRIVER,DRIVER LICENSE
14917956,1,Y,1,DRIVER,DRIVER LICENSE
14854987,4,Y,1,DRIVER,DRIVER LICENSE
14896009,1,Y,1,DRIVER,DRIVER LICENSE
14917110,1,Y,1,DRIVER,DRIVER LICENSE
14875197,1,Y,1,DRIVER,DRIVER LICENSE
14883419,1,Y,1,DRIVER,DRIVER LICENSE
14842987,1,Y,1,DRIVER,DRIVER LICENSE
14895209,1,Y,1,DRIVER,DRIVER LICENSE
14872708,2,Y,1,DRIVER,DRIVER LICENSE
14883518,1,Y,1,DRIVER,DRIVER LICENSE
14896509,1,Y,1,DRIVER,DRIVER LICENSE
14917325,1,Y,1,DRIVER,DRIVER LICENSE
14863454,1,Y,1,DRIVER,DRIVER LICENSE
14871422,1,Y,1,DRIVER,DRIVER LICENSE
14902457,1,Y,1,DRIVER,DRIVER LICENSE
14887441,2,Y,1,DRIVER,DRIVER LICENSE
14858406,1,Y,1,DRIVER,DRIVER LICENSE
14899999,1,Y,1,DRIVER,DRIVER LICENSE
14888933,1,Y,1,DRIVER,DRIVER LICENSE
14883219,1,Y,1,DRIVER,DRIVER LICENSE
14905247,1,Y,1,DRIVER,DRIVER LICENSE
14900862,1,Y,1,DRIVER,COMMERCIAL DRIVER LIC.
14863111,1,Y,1,DRIVER,DRIVER LICENSE
14854987,3,Y,1,DRIVER,DRIVER LICENSE
14891185,2,Y,1,DRIVER,DRIVER LICENSE
14919580,1,Y,1,DRIVER,DRIVER LICENSE
14872761,1,Y,1,DRIVER,DRIVER LICENSE
14897490,1,Y,1,DRIVER,DRIVER LICENSE
14897839,1,Y,1,DRIVER,DRIVER LICENSE
14855513,1,Y,1,DRIVER,DRIVER LICENSE
14864502,1,Y,1,DRIVER,DRIVER LICENSE
14842987,3,Y,1,DRIVER,DRIVER LICENSE
14871451,1,Y,1,DRIVER,DRIVER LICENSE
14919908,1,Y,1,DRIVER,DRIVER LICENSE
14850269,1,Y,1,DRIVER,DRIVER LICENSE
14860983,1,Y,1,DRIVER,DRIVER LICENSE
14867784,1,Y,1,DRIVER,DRIVER LICENSE
14882497,3,Y,1,DRIVER,DRIVER LICENSE
14907781,2,Y,1,DRIVER,DRIVER LICENSE
14853424,1,Y,1,DRIVER,DRIVER LICENSE
14872412,1,Y,1,DRIVER,DRIVER LICENSE
14876157,1,Y,1,DRIVER,DRIVER LICENSE
14885662,1,Y,1,DRIVER,DRIVER LICENSE
14865808,1,Y,1,DRIVER,DRIVER LICENSE
14872344,1,Y,1,DRIVER,DRIVER LICENSE
14875396,1,Y,1,DRIVER,DRIVER LICENSE
14840612,1,Y,1,DRIVER,DRIVER LICENSE
14901814,1,Y,1,DRIVER,DRIVER LICENSE
14904860,1,Y,1,DRIVER,COMMERCIAL DRIVER LIC.
14867689,1,Y,1,DRIVER,DRIVER LICENSE
14886277,1,Y,1,DRIVER,DRIVER LICENSE
14896377,1,Y,1,DRIVER,DRIVER LICENSE
14859769,1,Y,1,DRIVER,DRIVER LICENSE
14902010,1,Y,1,DRIVER,DRIVER LICENSE
14869941,1,Y,1,DRIVER,DRIVER LICENSE
14908377,1,Y,1,DRIVER,DRIVER LICENSE
14871368,1,Y,1,DRIVER,DRIVER LICENSE
14896511,1,Y,1,DRIVER,DRIVER LICENSE
14908616,1,Y,1,DRIVER,DRIVER LICENSE
14895676,1,Y,1,DRIVER,DRIVER LICENSE
14919641,2,Y,1,DRIVER,DRIVER LICENSE
14845759,1,Y,1,DRIVER,DRIVER LICENSE
14913108,1,Y,1,DRIVER,DRIVER LICENSE
14916642,1,Y,1,DRIVER,DRIVER LICENSE
14855549,1,Y,1,DRIVER,DRIVER LICENSE
14869963,1,Y,1,DRIVER,DRIVER LICENSE
14889075,1,Y,1,DRIVER,DRIVER LICENSE
14897034,1,Y,1,DRIVER,DRIVER LICENSE
14901824,1,Y,1,DRIVER,DRIVER LICENSE
14860922,1,Y,1,DRIVER,DRIVER LICENSE
14897466,1,Y,1,DRIVER,DRIVER LICENSE
14900264,1,Y,1,DRIVER,DRIVER LICENSE
14897840,1,Y,1,DRIVER,DRIVER LICENSE
14901487,1,Y,1,DRIVER,OCCUPATIONAL
14843283,1,Y,1,DRIVER,DRIVER LICENSE
14909647,1,Y,1,DRIVER,DRIVER LICENSE
14917408,1,Y,1,DRIVER,DRIVER LICENSE
14851224,2,Y,1,DRIVER,DRIVER LICENSE
14856879,1,Y,1,DRIVER,DRIVER LICENSE
14865449,1,Y,1,DRIVER,DRIVER LICENSE
14871480,1,Y,1,DRIVER,DRIVER LICENSE
14885794,1,Y,1,DRIVER,DRIVER LICENSE
14913986,1,Y,1,DRIVER,DRIVER LICENSE
14863325,4,Y,1,DRIVER,DRIVER LICENSE
14917138,1,Y,1,DRIVER,DRIVER LICENSE
14889687,1,Y,1,DRIVER,DRIVER LICENSE
14867513,1,Y,1,DRIVER,DRIVER LICENSE
14885700,1,Y,1,DRIVER,DRIVER LICENSE
14890373,1,Y,1,DRIVER,DRIVER LICENSE
14897490,2,Y,1,DRIVER,COMMERCIAL DRIVER LIC.
14905175,1,Y,1,DRIVER,COMMERCIAL DRIVER LIC.
14890318,1,Y,1,DRIVER,DRIVER LICENSE
14881780,1,Y,1,DRIVER,DRIVER LICENSE
14848400,1,Y,1,DRIVER,DRIVER LICENSE
14859957,1,Y,1,DRIVER,DRIVER LICENSE
14880282,1,Y,1,DRIVER,COMMERCIAL DRIVER LIC.
14880513,1,Y,1,DRIVER,DRIVER LICENSE
14885187,2,Y,1,DRIVER,COMMERCIAL DRIVER LIC.
14902187,1,Y,1,DRIVER,DRIVER LICENSE
14908768,1,Y,1,DRIVER,DRIVER LICENSE
14891512,1,Y,1,DRIVER,DRIVER LICENSE
14911020,1,Y,1,DRIVER,DRIVER LICENSE
14853524,1,Y,1,DRIVER,DRIVER LICENSE
14865154,1,Y,1,DRIVER,DRIVER LICENSE
14845668,1,Y,1,DRIVER,DRIVER LICENSE
14880428,1,Y,1,DRIVER,DRIVER LICENSE
14892728,1,Y,1,DRIVER,DRIVER LICENSE
14847892,1,Y,1,DRIVER,DRIVER LICENSE
14854530,2,Y,1,DRIVER,DRIVER LICENSE
14861556,1,Y,1,DRIVER,DRIVER LICENSE
14876880,1,Y,1,DRIVER,DRIVER LICENSE
14883430,1,Y,1,DRIVER,DRIVER LICENSE
14904788,1,Y,1,DRIVER,DRIVER LICENSE
14874773,1,Y,1,DRIVER,DRIVER LICENSE
14882340,1,Y,1,DRIVER,DRIVER LICENSE
14884965,1,Y,1,DRIVER,DRIVER LICENSE
14889698,1,Y,1,DRIVER,DRIVER LICENSE
14918482,1,Y,1,DRIVER,DRIVER LICENSE
14882569,1,Y,1,DRIVER,DRIVER LICENSE
14912911,1,Y,1,DRIVER,DRIVER LICENSE
14853703,1,Y,1,DRIVER,DRIVER LICENSE
14876612,1,Y,1,DRIVER,DRIVER LICENSE
14918596,1,Y,1,DRIVER,DRIVER LICENSE
14849811,1,Y,1,DRIVER,DRIVER LICENSE
14877131,1,Y,1,DRIVER,DRIVER LICENSE
14865265,1,Y,1,DRIVER,DRIVER LICENSE
14873446,1,Y,1,DRIVER,DRIVER LICENSE
14873972,1,Y,1,DRIVER,DRIVER LICENSE
14888377,1,Y,1,DRIVER,DRIVER LICENSE
14889567,1,Y,1,DRIVER,DRIVER LICENSE
14897063,1,Y,1,DRIVER,DRIVER LICENSE
14918597,1,Y,1,DRIVER,DRIVER LICENSE
14888934,1,Y,1,DRIVER,DRIVER LICENSE
14906900,1,Y,1,DRIVER,DRIVER LICENSE
14862073,1,Y,1,DRIVER,DRIVER LICENSE
14886241,2,Y,1,DRIVER,DRIVER LICENSE
14886344,1,Y,1,DRIVER,DRIVER LICENSE
14899591,1,Y,1,DRIVER,DRIVER LICENSE
14900037,1,Y,1,DRIVER,DRIVER LICENSE
14903117,1,Y,1,DRIVER,DRIVER LICENSE
14870196,2,Y,1,DRIVER,DRIVER LICENSE
14899531,1,Y,1,DRIVER,DRIVER LICENSE
14886652,1,Y,1,DRIVER,DRIVER LICENSE
14887430,1,Y,1,DRIVER,DRIVER LICENSE
14871309,2,Y,1,DRIVER,DRIVER LICENSE
14872344,2,Y,1,DRIVER,DRIVER LICENSE
14913729,1,Y,1,DRIVER,DRIVER LICENSE
14917964,1,Y,1,DRIVER,DRIVER LICENSE
14852917,1,Y,1,DRIVER,DRIVER LICENSE
14865620,1,Y,1,DRIVER,DRIVER LICENSE
14898463,1,Y,1,DRIVER,DRIVER LICENSE
14842952,1,Y,1,DRIVER,DRIVER LICENSE
14840017,1,Y,1,DRIVER,DRIVER LICENSE
14870148,1,Y,1,DRIVER,DRIVER LICENSE
14879179,1,Y,1,DRIVER,DRIVER LICENSE
14887239,1,Y,1,DRIVER,DRIVER LICENSE
14919884,1,Y,1,DRIVER,DRIVER LICENSE
14880224,1,Y,1,DRIVER,DRIVER LICENSE
14844520,1,Y,1,DRIVER,DRIVER LICENSE
14882346,1,Y,1,DRIVER,DRIVER LICENSE
14898720,1,Y,1,DRIVER,DRIVER LICENSE
14908104,1,Y,1,DRIVER,DRIVER LICENSE
14899123,1,Y,1,DRIVER,COMMERCIAL DRIVER LIC.
14909908,1,Y,1,DRIVER,DRIVER LICENSE
14915720,1,Y,1,DRIVER,DRIVER LICENSE
14917096,1,Y,1,DRIVER,COMMERCIAL DRIVER LIC.
14861930,1,Y,1,DRIVER,DRIVER LICENSE
14910605,1,Y,1,DRIVER,DRIVER LICENSE
14871430,1,Y,1,DRIVER,DRIVER LICENSE
14916395,1,Y,1,DRIVER,DRIVER LICENSE
14919934,1,Y,1,DRIVER,DRIVER LICENSE
14893931,1,Y,1,DRIVER,DRIVER LICENSE
14919878,1,Y,1,DRIVER,DRIVER LICENSE
14912034,1,Y,1,DRIVER,DRIVER LICENSE
14901488,1,Y,1,DRIVER,OCCUPATIONAL
14856868,1,Y,1,DRIVER,DRIVER LICENSE
14867543,1,Y,1,DRIVER,DRIVER LICENSE
14838842,1,Y,1,DRIVER,DRIVER LICENSE
14852094,1,Y,1,DRIVER,DRIVER LICENSE
14903996,1,Y,1,DRIVER,DRIVER LICENSE
14865332,1,Y,1,DRIVER,DRIVER LICENSE
14874925,1,Y,1,DRIVER,DRIVER LICENSE
14985658,1,Y,1,DRIVER,DRIVER LICENSE
14964458,1,Y,1,DRIVER,DRIVER LICENSE
15262509,1,Y,1,DRIVER,DRIVER LICENSE
14979872,1,Y,1,DRIVER,DRIVER LICENSE
14953283,1,Y,1,DRIVER,DRIVER LICENSE
14934751,1,Y,1,DRIVER,COMMERCIAL DRIVER LIC.
15001924,1,Y,1,DRIVER,DRIVER LICENSE
14982548,1,Y,1,DRIVER,DRIVER LICENSE
14940071,1,Y,1,DRIVER,DRIVER LICENSE
14985463,1,Y,1,DRIVER,DRIVER LICENSE
14967897,1,Y,1,DRIVER,DRIVER LICENSE
14960689,1,Y,1,DRIVER,DRIVER LICENSE
14978889,3,Y,1,DRIVER,COMMERCIAL DRIVER LIC.
14946708,1,Y,1,DRIVER,DRIVER LICENSE
14947857,2,Y,1,DRIVER,DRIVER LICENSE
14995838,1,Y,1,DRIVER,DRIVER LICENSE
14983435,1,Y,1,DRIVER,DRIVER LICENSE
14922365,2,Y,1,DRIVER,DRIVER LICENSE
14927113,1,Y,1,DRIVER,DRIVER LICENSE
14960207,1,Y,1,DRIVER,DRIVER LICENSE
14936703,1,Y,1,DRIVER,COMMERCIAL DRIVER LIC.
15022491,1,Y,1,DRIVER,DRIVER LICENSE
14923052,1,Y,1,DRIVER,DRIVER LICENSE
14966570,1,Y,1,DRIVER,DRIVER LICENSE
14956779,1,Y,1,DRIVER,DRIVER LICENSE
14975033,1,Y,1,DRIVER,DRIVER LICENSE
14977399,1,Y,1,DRIVER,DRIVER LICENSE
14970258,1,Y,1,DRIVER,DRIVER LICENSE
14964512,2,Y,1,DRIVER,DRIVER LICENSE
14934944,2,Y,1,DRIVER,DRIVER LICENSE
14934468,1,Y,1,DRIVER,DRIVER LICENSE
14984685,1,Y,1,DRIVER,DRIVER LICENSE
14955668,1,Y,1,DRIVER,DRIVER LICENSE
14962636,1,Y,1,DRIVER,DRIVER LICENSE
14921319,2,Y,1,DRIVER,DRIVER LICENSE
14967260,2,Y,1,DRIVER,DRIVER LICENSE
14979270,1,Y,1,DRIVER,DRIVER LICENSE
14941135,2,Y,1,DRIVER,DRIVER LICENSE
14950788,2,Y,1,DRIVER,DRIVER LICENSE
14955412,1,Y,1,DRIVER,DRIVER LICENSE
14928985,2,Y,1,DRIVER,DRIVER LICENSE
14965574,2,Y,1,DRIVER,DRIVER LICENSE
14922716,2,Y,1,DRIVER,DRIVER LICENSE
14981551,2,Y,1,DRIVER,DRIVER LICENSE
14936910,1,Y,1,DRIVER,DRIVER LICENSE
14979739,2,Y,1,DRIVER,DRIVER LICENSE
14931256,1,Y,1,DRIVER,DRIVER LICENSE
14954012,2,Y,1,DRIVER,COMMERCIAL DRIVER LIC.
14975107,1,Y,1,DRIVER,DRIVER LICENSE
14959883,1,Y,1,DRIVER,DRIVER LICENSE
14966646,1,Y,1,DRIVER,DRIVER LICENSE
14969602,1,Y,1,DRIVER,DRIVER LICENSE
14982270,1,Y,1,DRIVER,DRIVER LICENSE
14978454,1,Y,1,DRIVER,DRIVER LICENSE
14982551,1,Y,1,DRIVER,DRIVER LICENSE
15127267,2,Y,1,DRIVER OF MOTORCYCLE TYPE VEHICLE,DRIVER LICENSE
14929502,1,Y,1,DRIVER,DRIVER LICENSE
14976852,1,Y,1,DRIVER,DRIVER LICENSE
14923397,2,Y,1,DRIVER,DRIVER LICENSE
14953936,1,Y,1,DRIVER,DRIVER LICENSE
14950853,1,Y,1,DRIVER,DRIVER LICENSE
14955641,1,Y,1,DRIVER,DRIVER LICENSE
14984554,1,Y,1,DRIVER,DRIVER LICENSE
14956333,1,Y,1,DRIVER,DRIVER LICENSE
14938135,1,Y,1,DRIVER,DRIVER LICENSE
14923397,1,Y,1,DRIVER,DRIVER LICENSE
14926486,1,Y,1,DRIVER,DRIVER LICENSE
14939556,1,Y,1,DRIVER,DRIVER LICENSE
14940783,1,Y,1,DRIVER,DRIVER LICENSE
14980702,1,Y,1,DRIVER,DRIVER LICENSE
14928985,1,Y,1,DRIVER,DRIVER LICENSE
14973915,2,Y,1,DRIVER,DRIVER LICENSE
14963073,1,Y,1,DRIVER,DRIVER LICENSE
14927495,1,Y,1,DRIVER,COMMERCIAL DRIVER LIC.
14969275,1,Y,1,DRIVER,DRIVER LICENSE
14954673,1,Y,1,DRIVER,DRIVER LICENSE
14962328,1,Y,1,DRIVER,DRIVER LICENSE
14967260,4,Y,1,DRIVER,DRIVER LICENSE
14956063,1,Y,1,DRIVER,DRIVER LICENSE
14968135,1,Y,1,DRIVER,DRIVER LICENSE
14922922,1,Y,1,DRIVER,DRIVER LICENSE
14934944,1,Y,1,DRIVER,DRIVER LICENSE
14979735,1,Y,1,DRIVER,DRIVER LICENSE
14932606,1,Y,1,DRIVER,DRIVER LICENSE
14947005,1,Y,1,DRIVER,DRIVER LICENSE
14950885,1,Y,1,DRIVER,DRIVER LICENSE
14976382,1,Y,1,DRIVER,DRIVER LICENSE
14951195,1,Y,1,DRIVER,DRIVER LICENSE
14984488,1,Y,1,DRIVER,DRIVER LICENSE
14964877,1,Y,1,DRIVER,DRIVER LICENSE
14979544,1,Y,1,DRIVER,DRIVER LICENSE
14927179,1,Y,1,DRIVER,DRIVER LICENSE
14963978,1,Y,1,DRIVER,DRIVER LICENSE
14935917,1,Y,1,DRIVER,DRIVER LICENSE
14972991,1,Y,1,DRIVER,DRIVER LICENSE
14850585,1,Y,1,DRIVER,COMMERCIAL DRIVER LIC.
14852077,1,Y,1,DRIVER,COMMERCIAL DRIVER LIC.
14879765,1,Y,1,DRIVER,DRIVER LICENSE
14861181,1,Y,1,DRIVER,DRIVER LICENSE
14881965,1,Y,1,DRIVER,DRIVER LICENSE
14904790,2,Y,1,DRIVER,DRIVER LICENSE
14844353,1,Y,1,DRIVER,DRIVER LICENSE
14865369,1,Y,1,DRIVER,DRIVER LICENSE
14904985,1,Y,1,DRIVER,DRIVER LICENSE
14887148,1,Y,1,DRIVER,DRIVER LICENSE
14926052,1,Y,1,DRIVER,DRIVER LICENSE
14922940,1,Y,1,DRIVER,DRIVER LICENSE
14943620,1,Y,1,DRIVER,DRIVER LICENSE
14945464,1,Y,1,DRIVER,DRIVER LICENSE
14965574,1,Y,1,DRIVER,DRIVER LICENSE
14941021,1,Y,1,DRIVER,DRIVER LICENSE
14960463,1,Y,1,DRIVER,DRIVER LICENSE
14934203,1,Y,1,DRIVER,DRIVER LICENSE
14969849,1,Y,1,DRIVER,DRIVER LICENSE
14966739,1,Y,1,DRIVER,DRIVER LICENSE
14976011,1,Y,1,DRIVER,DRIVER LICENSE
14942497,1,Y,1,DRIVER,DRIVER LICENSE
14975907,1,Y,1,DRIVER,DRIVER LICENSE
14979028,1,Y,1,DRIVER,DRIVER LICENSE
14937013,1,Y,1,DRIVER,DRIVER LICENSE
14948475,1,Y,1,DRIVER,DRIVER LICENSE
14961036,1,Y,1,DRIVER,DRIVER LICENSE
14978766,1,Y,1,DRIVER,COMMERCIAL DRIVER LIC.
14982524,1,Y,1,DRIVER,DRIVER LICENSE
14930874,1,Y,1,DRIVER,DRIVER LICENSE
14975293,1,Y,1,DRIVER,DRIVER LICENSE
14922927,1,Y,1,DRIVER,DRIVER LICENSE
14957063,1,Y,1,DRIVER,DRIVER LICENSE
14928158,1,Y,1,DRIVER,DRIVER LICENSE
14978989,1,Y,1,DRIVER,DRIVER LICENSE
14998402,1,Y,1,DRIVER,DRIVER LICENSE
15315551,1,Y,1,DRIVER,DRIVER LICENSE
14975775,1,Y,1,DRIVER,DRIVER LICENSE
15204197,1,Y,1,DRIVER,DRIVER LICENSE
14979409,1,Y,1,DRIVER,DRIVER LICENSE
14921280,1,Y,1,DRIVER,DRIVER LICENSE
14979091,1,Y,1,DRIVER,DRIVER LICENSE
14923164,1,Y,1,DRIVER,DRIVER LICENSE
15005821,1,Y,1,DRIVER,DRIVER LICENSE
14953652,2,Y,1,DRIVER,DRIVER LICENSE
14967260,1,Y,1,DRIVER,DRIVER LICENSE
14959320,3,Y,1,DRIVER,DRIVER LICENSE
14963833,1,Y,1,DRIVER,DRIVER LICENSE
14977857,1,Y,1,DRIVER,DRIVER LICENSE
14925033,1,Y,1,DRIVER,DRIVER LICENSE
14923949,1,Y,1,DRIVER,DRIVER LICENSE
14946164,1,Y,1,DRIVER,DRIVER LICENSE
14950179,1,Y,1,DRIVER,DRIVER LICENSE
14978527,1,Y,1,DRIVER,DRIVER LICENSE
14983898,1,Y,1,DRIVER,DRIVER LICENSE
14961211,1,Y,1,DRIVER,DRIVER LICENSE
14970650,1,Y,1,DRIVER,DRIVER LICENSE
14948416,1,Y,1,DRIVER,DRIVER LICENSE
14930006,1,Y,1,DRIVER,DRIVER LICENSE
15021046,1,Y,1,DRIVER,DRIVER LICENSE
14945938,1,Y,1,DRIVER,DRIVER LICENSE
14939989,1,Y,1,DRIVER,DRIVER LICENSE
14930436,1,Y,1,DRIVER,DRIVER LICENSE
14995833,1,Y,1,DRIVER,DRIVER LICENSE
14976935,1,Y,1,DRIVER,DRIVER LICENSE
14981335,1,Y,1,DRIVER,DRIVER LICENSE
14988570,1,Y,1,DRIVER,DRIVER LICENSE
14920835,1,Y,1,DRIVER,DRIVER LICENSE
14966212,1,Y,1,DRIVER,DRIVER LICENSE
14976129,1,Y,1,DRIVER,DRIVER LICENSE
14980808,1,Y,1,DRIVER,DRIVER LICENSE
14971984,1,Y,1,DRIVER,COMMERCIAL DRIVER LIC.
14922162,1,Y,1,DRIVER,DRIVER LICENSE
14935258,1,Y,1,DRIVER,DRIVER LICENSE
14949252,2,Y,1,DRIVER,DRIVER LICENSE
14959115,1,Y,1,DRIVER,DRIVER LICENSE
14980018,1,Y,1,DRIVER,COMMERCIAL DRIVER LIC.
14971222,1,Y,1,DRIVER,DRIVER LICENSE
14978690,1,Y,1,DRIVER,DRIVER LICENSE
14979389,1,Y,1,DRIVER,DRIVER LICENSE
14922547,1,Y,1,DRIVER,DRIVER LICENSE
14955600,1,Y,1,DRIVER,DRIVER LICENSE
14956499,1,Y,1,DRIVER,DRIVER LICENSE
14977866,1,Y,1,DRIVER,DRIVER LICENSE
14974635,1,Y,1,DRIVER,DRIVER LICENSE
14933973,1,Y,1,DRIVER,DRIVER LICENSE
15152794,1,Y,1,DRIVER,DRIVER LICENSE
14956610,1,Y,1,DRIVER,DRIVER LICENSE
14922828,1,Y,1,DRIVER,DRIVER LICENSE
14955118,2,Y,1,DRIVER,DRIVER LICENSE
15204316,1,Y,1,DRIVER,DRIVER LICENSE
14983246,1,Y,1,DRIVER,DRIVER LICENSE
14980890,2,Y,1,DRIVER,DRIVER LICENSE
14933946,1,Y,1,DRIVER,DRIVER LICENSE
14958218,1,Y,1,DRIVER,DRIVER LICENSE
14960878,1,Y,1,DRIVER,DRIVER LICENSE
14955147,1,Y,1,DRIVER,DRIVER LICENSE
14964313,1,Y,1,DRIVER,DRIVER LICENSE
14922274,1,Y,1,DRIVER,DRIVER LICENSE
14972636,1,Y,1,DRIVER,DRIVER LICENSE
14976470,1,Y,1,DRIVER,DRIVER LICENSE
14966932,1,Y,1,DRIVER,DRIVER LICENSE
14926856,1,Y,1,DRIVER,DRIVER LICENSE
14936732,1,Y,1,DRIVER,COMMERCIAL DRIVER LIC.
14961963,1,Y,1,DRIVER,DRIVER LICENSE
14923502,1,Y,1,DRIVER,DRIVER LICENSE
14935292,1,Y,1,DRIVER,DRIVER LICENSE
14942444,2,Y,1,DRIVER,DRIVER LICENSE
14956610,2,Y,1,DRIVER,DRIVER LICENSE
14958134,1,Y,1,DRIVER,DRIVER LICENSE
14967705,1,Y,1,DRIVER,DRIVER LICENSE
14980915,1,Y,1,DRIVER,DRIVER LICENSE
14933850,1,Y,1,DRIVER,DRIVER LICENSE
14946555,1,Y,1,DRIVER,DRIVER LICENSE
14964776,1,Y,1,DRIVER,DRIVER LICENSE
14983587,1,Y,1,DRIVER,DRIVER LICENSE
14948420,1,Y,1,DRIVER,DRIVER LICENSE
14924887,1,Y,1,DRIVER,DRIVER LICENSE
14948289,2,Y,1,DRIVER,DRIVER LICENSE
14964523,1,Y,1,DRIVER,DRIVER LICENSE
14987647,1,Y,1,DRIVER,DRIVER LICENSE
14956901,1,Y,1,DRIVER,DRIVER LICENSE
14983974,1,Y,1,DRIVER,DRIVER LICENSE
14984061,2,Y,1,DRIVER,DRIVER LICENSE
14985975,1,Y,1,DRIVER,DRIVER LICENSE
14965409,1,Y,1,DRIVER,DRIVER LICENSE
14971516,1,Y,1,DRIVER,DRIVER LICENSE
14944974,1,Y,1,DRIVER,DRIVER LICENSE
14972625,1,Y,1,DRIVER,DRIVER LICENSE
14926739,1,Y,1,DRIVER,DRIVER LICENSE
14929158,1,Y,1,DRIVER,DRIVER LICENSE
14939533,1,Y,1,DRIVER,DRIVER LICENSE
14966854,1,Y,1,DRIVER,DRIVER LICENSE
14962626,1,Y,1,DRIVER,DRIVER LICENSE
14948289,3,Y,1,DRIVER,DRIVER LICENSE
14974239,1,Y,1,DRIVER,DRIVER LICENSE
14947626,1,Y,1,DRIVER,DRIVER LICENSE
14934947,1,Y,1,DRIVER,DRIVER LICENSE
14953646,1,Y,1,DRIVER,DRIVER LICENSE
14957322,1,Y,1,DRIVER,DRIVER LICENSE
14968915,1,Y,1,DRIVER,DRIVER LICENSE
14984582,1,Y,1,DRIVER,DRIVER LICENSE
14947929,1,Y,1,DRIVER,DRIVER LICENSE
14921550,2,Y,1,DRIVER,COMMERCIAL DRIVER LIC.
14968703,1,Y,1,DRIVER,DRIVER LICENSE
14972228,1,Y,1,DRIVER,DRIVER LICENSE
14981383,1,Y,1,DRIVER,DRIVER LICENSE
14934563,1,Y,1,DRIVER,DRIVER LICENSE
14936166,1,Y,1,DRIVER,DRIVER LICENSE
14949362,1,Y,1,DRIVER,DRIVER LICENSE
14961162,1,Y,1,DRIVER,DRIVER LICENSE
14940778,1,Y,1,DRIVER,DRIVER LICENSE
14941760,1,Y,1,DRIVER,DRIVER LICENSE
14932720,2,Y,1,DRIVER,DRIVER LICENSE
14944720,1,Y,1,DRIVER,DRIVER LICENSE
14962687,1,Y,1,DRIVER,DRIVER LICENSE
14930546,1,Y,1,DRIVER,DRIVER LICENSE
14950504,1,Y,1,DRIVER,DRIVER LICENSE
14971984,3,Y,1,DRIVER,DRIVER LICENSE
14951190,1,Y,1,DRIVER,DRIVER LICENSE
14951145,2,Y,1,DRIVER,DRIVER LICENSE
14954982,1,Y,1,DRIVER,DRIVER LICENSE
14953300,1,Y,1,DRIVER,DRIVER LICENSE
14969620,1,Y,1,DRIVER,DRIVER LICENSE
14973448,1,Y,1,DRIVER,DRIVER LICENSE
14928938,1,Y,1,DRIVER,DRIVER LICENSE
14938415,1,Y,1,DRIVER,DRIVER LICENSE
14982864,1,Y,1,DRIVER,DRIVER LICENSE
14922716,1,Y,1,DRIVER,DRIVER LICENSE
14926107,1,Y,1,DRIVER,DRIVER LICENSE
14943501,1,Y,1,DRIVER,DRIVER LICENSE
14977347,1,Y,1,DRIVER,DRIVER LICENSE
14988032,1,Y,1,DRIVER,DRIVER LICENSE
14939560,1,Y,1,DRIVER,DRIVER LICENSE
14968205,1,Y,1,DRIVER,COMMERCIAL DRIVER LIC.
14945594,2,Y,1,DRIVER,DRIVER LICENSE
14975811,1,Y,1,DRIVER,DRIVER LICENSE
14937964,1,Y,1,DRIVER,DRIVER LICENSE
14932845,1,Y,1,DRIVER,DRIVER LICENSE
14949252,1,Y,1,DRIVER,DRIVER LICENSE
14987207,1,Y,1,DRIVER,DRIVER LICENSE
14966857,1,Y,1,DRIVER,DRIVER LICENSE
14970909,1,Y,1,DRIVER,DRIVER LICENSE
14948588,1,Y,1,DRIVER,DRIVER LICENSE
14927557,1,Y,1,DRIVER,DRIVER LICENSE
14981051,1,Y,1,DRIVER,DRIVER LICENSE
14955323,1,Y,1,DRIVER,DRIVER LICENSE
14973905,1,Y,1,DRIVER,DRIVER LICENSE
14961963,2,Y,1,DRIVER,DRIVER LICENSE
14939547,1,Y,1,DRIVER,DRIVER LICENSE
15717709,1,Y,1,DRIVER,DRIVER LICENSE
14960268,1,Y,1,DRIVER,DRIVER LICENSE
15084263,1,Y,1,DRIVER,DRIVER LICENSE
14923936,1,Y,1,DRIVER,DRIVER LICENSE
14942234,1,Y,1,DRIVER,DRIVER LICENSE
14979653,1,Y,1,DRIVER,DRIVER LICENSE
14925104,1,Y,1,DRIVER,DRIVER LICENSE
14931256,2,Y,1,DRIVER,DRIVER LICENSE
14957396,2,Y,1,DRIVER,DRIVER LICENSE
14980296,1,Y,1,DRIVER,DRIVER LICENSE
14922365,1,Y,1,DRIVER,DRIVER LICENSE
14924089,2,Y,1,DRIVER,DRIVER LICENSE
14925283,1,Y,1,DRIVER,DRIVER LICENSE
14926441,1,Y,1,DRIVER,DRIVER LICENSE
14980920,1,Y,1,DRIVER,DRIVER LICENSE
14970812,2,Y,1,DRIVER,DRIVER LICENSE
14967260,3,Y,1,DRIVER,DRIVER LICENSE
14968457,1,Y,1,DRIVER,DRIVER LICENSE
14942216,1,Y,1,DRIVER,DRIVER LICENSE
14942444,1,Y,1,DRIVER,DRIVER LICENSE
15026971,1,Y,1,DRIVER,DRIVER LICENSE
14951145,1,Y,1,DRIVER,DRIVER LICENSE
14950083,1,Y,1,DRIVER,DRIVER LICENSE
14928814,1,Y,1,DRIVER,DRIVER LICENSE
14935062,1,Y,1,DRIVER,DRIVER LICENSE
14945884,1,Y,1,DRIVER,DRIVER LICENSE
14969517,1,Y,1,DRIVER,DRIVER LICENSE
15026965,1,Y,1,DRIVER,DRIVER LICENSE
14981551,1,Y,1,DRIVER,DRIVER LICENSE
14924582,1,Y,1,DRIVER,DRIVER LICENSE
14936734,2,Y,1,DRIVER OF MOTORCYCLE TYPE VEHICLE,DRIVER LICENSE
14979739,1,Y,1,DRIVER,DRIVER LICENSE
14983322,1,Y,1,DRIVER,DRIVER LICENSE
14956499,2,Y,1,DRIVER,DRIVER LICENSE
14965045,1,Y,1,DRIVER,DRIVER LICENSE
14927135,1,Y,1,DRIVER,DRIVER LICENSE
14946630,1,Y,1,DRIVER,DRIVER LICENSE
14948215,1,Y,1,DRIVER,DRIVER LICENSE
14921550,1,Y,1,DRIVER,DRIVER LICENSE
14929594,1,Y,1,DRIVER,DRIVER LICENSE
14959969,1,Y,1,DRIVER,DRIVER LICENSE
14927855,1,Y,1,DRIVER,DRIVER LICENSE
14938136,1,Y,1,DRIVER,DRIVER LICENSE
14966701,2,Y,1,DRIVER,DRIVER LICENSE
15043348,1,Y,1,DRIVER,DRIVER LICENSE
14953620,1,Y,1,DRIVER,DRIVER LICENSE
14966269,1,Y,1,DRIVER,DRIVER LICENSE
14980212,1,Y,1,DRIVER,COMMERCIAL DRIVER LIC.
14929142,1,Y,1,DRIVER,DRIVER LICENSE
14947831,1,Y,1,DRIVER,DRIVER LICENSE
14976436,1,Y,1,DRIVER,DRIVER LICENSE
14936751,1,Y,1,DRIVER,DRIVER LICENSE
14931347,1,Y,1,DRIVER,DRIVER LICENSE
14962066,1,Y,1,DRIVER,DRIVER LICENSE
14967686,1,Y,1,DRIVER,DRIVER LICENSE
14926849,1,Y,1,DRIVER,DRIVER LICENSE
14938847,1,Y,1,DRIVER,DRIVER LICENSE
14960998,1,Y,1,DRIVER,DRIVER LICENSE
15151602,1,Y,1,DRIVER,DRIVER LICENSE
14976396,1,Y,1,DRIVER,DRIVER LICENSE
15005592,1,Y,1,DRIVER,DRIVER LICENSE
15006859,2,Y,1,DRIVER,DRIVER LICENSE
15017979,1,Y,1,DRIVER,DRIVER LICENSE
15028731,1,Y,1,DRIVER,DRIVER LICENSE
15029009,1,Y,1,DRIVER,DRIVER LICENSE
15114701,1,Y,1,DRIVER,DRIVER LICENSE
15040969,1,Y,1,DRIVER,DRIVER LICENSE
15010691,1,Y,1,DRIVER,DRIVER LICENSE
15046648,1,Y,1,DRIVER,DRIVER LICENSE
15048038,1,Y,1,DRIVER,DRIVER LICENSE
15045919,1,Y,1,DRIVER,DRIVER LICENSE
15006782,1,Y,1,DRIVER,DRIVER LICENSE
15020081,1,Y,1,DRIVER,DRIVER LICENSE
15042117,2,Y,1,DRIVER,DRIVER LICENSE
15007466,1,Y,1,DRIVER,DRIVER LICENSE
15038385,1,Y,1,DRIVER,DRIVER LICENSE
14998288,1,Y,1,DRIVER,DRIVER LICENSE
15013282,1,Y,1,DRIVER,DRIVER LICENSE
15036020,1,Y,1,DRIVER,DRIVER LICENSE
15119254,1,Y,1,DRIVER,DRIVER LICENSE
15040960,1,Y,1,DRIVER,DRIVER LICENSE
15011483,1,Y,1,DRIVER,DRIVER LICENSE
15050678,1,Y,1,DRIVER,DRIVER LICENSE
15035914,1,Y,1,DRIVER,DRIVER LICENSE
15055821,1,Y,1,DRIVER,DRIVER LICENSE
15043755,1,Y,1,DRIVER,DRIVER LICENSE
15071813,1,Y,1,DRIVER,DRIVER LICENSE
15090532,1,Y,1,DRIVER,DRIVER LICENSE
14991748,3,Y,1,DRIVER,DRIVER LICENSE
15013688,1,Y,1,DRIVER,DRIVER LICENSE
15026606,1,Y,1,DRIVER,DRIVER LICENSE
15053520,1,Y,1,DRIVER,DRIVER LICENSE
15084403,1,Y,1,DRIVER,DRIVER LICENSE
15001630,1,Y,1,DRIVER,DRIVER LICENSE
14989674,1,Y,1,DRIVER,DRIVER LICENSE
15003084,1,Y,1,DRIVER,DRIVER LICENSE
15032514,1,Y,1,DRIVER,DRIVER LICENSE
15001588,1,Y,1,DRIVER,DRIVER LICENSE
15020975,1,Y,1,DRIVER,DRIVER LICENSE
15048151,1,Y,1,DRIVER,DRIVER LICENSE
15080866,1,Y,1,DRIVER,COMMERCIAL DRIVER LIC.
15027491,1,Y,1,DRIVER,DRIVER LICENSE
15036351,1,Y,1,DRIVER,DRIVER LICENSE
15037854,1,Y,1,DRIVER,DRIVER LICENSE
15071077,1,Y,1,DRIVER,DRIVER LICENSE
15015737,1,Y,1,DRIVER,DRIVER LICENSE
15083244,2,Y,1,DRIVER,DRIVER LICENSE
14992845,1,Y,1,DRIVER,DRIVER LICENSE
14998535,1,Y,1,DRIVER,DRIVER LICENSE
15020484,1,Y,1,DRIVER,DRIVER LICENSE
15019830,1,Y,1,DRIVER,DRIVER LICENSE
15035773,2,Y,1,DRIVER,DRIVER LICENSE
15021447,1,Y,1,DRIVER,DRIVER LICENSE
15092543,1,Y,1,DRIVER,DRIVER LICENSE
14989573,1,Y,1,DRIVER,DRIVER LICENSE
14990609,1,Y,1,DRIVER,DRIVER LICENSE
15016366,1,Y,1,DRIVER,DRIVER LICENSE
15023061,1,Y,1,DRIVER,DRIVER LICENSE
15004083,2,Y,1,DRIVER,DRIVER LICENSE
15020893,1,Y,1,DRIVER,DRIVER LICENSE
15037285,1,Y,1,DRIVER,DRIVER LICENSE
15054514,1,Y,1,DRIVER,COMMERCIAL DRIVER LIC.
15011800,1,Y,1,DRIVER,DRIVER LICENSE
15031597,1,Y,1,DRIVER,DRIVER LICENSE
15037918,1,Y,1,DRIVER,DRIVER LICENSE
14996136,1,Y,1,DRIVER,DRIVER LICENSE
15000276,1,Y,1,DRIVER,DRIVER LICENSE
15022707,1,Y,1,DRIVER,DRIVER LICENSE
15024309,1,Y,1,DRIVER,DRIVER LICENSE
15039289,1,Y,1,DRIVER,DRIVER LICENSE
15040343,1,Y,1,DRIVER,DRIVER LICENSE
15028316,1,Y,1,DRIVER,DRIVER LICENSE
15049019,1,Y,1,DRIVER,DRIVER LICENSE
14997883,1,Y,1,DRIVER,DRIVER LICENSE
15011986,1,Y,1,DRIVER,DRIVER LICENSE
15055500,2,Y,1,DRIVER,DRIVER LICENSE
15024518,1,Y,1,DRIVER,DRIVER LICENSE
15027214,1,Y,1,DRIVER,DRIVER LICENSE
15049094,1,Y,1,DRIVER,DRIVER LICENSE
15004123,1,Y,1,DRIVER,DRIVER LICENSE
15039155,1,Y,1,DRIVER,DRIVER LICENSE
15067094,1,Y,1,DRIVER,DRIVER LICENSE
14992986,1,Y,1,DRIVER,DRIVER LICENSE
15041432,2,Y,1,DRIVER,DRIVER LICENSE
14994847,1,Y,1,DRIVER,DRIVER LICENSE
15023433,1,Y,1,DRIVER,DRIVER LICENSE
15038942,1,Y,1,DRIVER,DRIVER LICENSE
15003101,1,Y,1,DRIVER,DRIVER LICENSE
15005555,1,Y,1,DRIVER,DRIVER LICENSE
15029133,1,Y,1,DRIVER,DRIVER LICENSE
15009360,1,Y,1,DRIVER,DRIVER LICENSE
15014021,1,Y,1,DRIVER,DRIVER LICENSE
15020825,1,Y,1,DRIVER,DRIVER LICENSE
15037011,1,Y,1,DRIVER,DRIVER LICENSE
15003143,1,Y,1,DRIVER,DRIVER LICENSE
14994907,1,Y,1,DRIVER,DRIVER LICENSE
15010103,1,Y,1,DRIVER,DRIVER LICENSE
15008857,1,Y,1,DRIVER,DRIVER LICENSE
15039446,1,Y,1,DRIVER,DRIVER LICENSE
15104417,1,Y,1,DRIVER,DRIVER LICENSE
15019786,1,Y,1,DRIVER,DRIVER LICENSE
14993980,2,Y,1,DRIVER,DRIVER LICENSE
15002961,1,Y,1,DRIVER,DRIVER LICENSE
15009814,1,Y,1,DRIVER,DRIVER LICENSE
15018370,2,Y,1,DRIVER,DRIVER LICENSE
15039957,1,Y,1,DRIVER,DRIVER LICENSE
15001635,1,Y,1,DRIVER,DRIVER LICENSE
15048866,1,Y,1,DRIVER,DRIVER LICENSE
15007669,1,Y,1,DRIVER,DRIVER LICENSE
15010866,1,Y,1,DRIVER,DRIVER LICENSE
15034258,2,Y,1,DRIVER,DRIVER LICENSE
15044631,2,Y,1,DRIVER,DRIVER LICENSE
15090525,1,Y,1,DRIVER,DRIVER LICENSE
15023965,1,Y,1,DRIVER,COMMERCIAL DRIVER LIC.
15036736,1,Y,1,DRIVER,DRIVER LICENSE
15081659,1,Y,1,DRIVER,DRIVER LICENSE
15109182,1,Y,1,DRIVER,DRIVER LICENSE
14996487,1,Y,1,DRIVER,DRIVER LICENSE
14998814,2,Y,1,DRIVER,DRIVER LICENSE
15045190,1,Y,1,DRIVER,DRIVER LICENSE
15050190,3,Y,1,DRIVER,DRIVER LICENSE
14990112,1,Y,1,DRIVER,DRIVER LICENSE
15007079,1,Y,1,DRIVER,DRIVER LICENSE
15007623,1,Y,1,DRIVER,DRIVER LICENSE
15016418,1,Y,1,DRIVER,DRIVER LICENSE
15017297,1,Y,1,DRIVER,DRIVER LICENSE
15017297,2,Y,1,DRIVER,DRIVER LICENSE
15034058,1,Y,1,DRIVER,DRIVER LICENSE
15036803,1,Y,1,DRIVER,DRIVER LICENSE
15084009,1,Y,1,DRIVER,DRIVER LICENSE
15041078,1,Y,1,DRIVER,DRIVER LICENSE
14992130,1,Y,1,DRIVER,DRIVER LICENSE
15030170,1,Y,1,DRIVER,DRIVER LICENSE
15030698,1,Y,1,DRIVER,DRIVER LICENSE
15031829,1,Y,1,DRIVER,DRIVER LICENSE
15033585,2,Y,1,DRIVER,DRIVER LICENSE
15033041,1,Y,1,DRIVER,DRIVER LICENSE
15007502,1,Y,1,DRIVER,DRIVER LICENSE
15024492,1,Y,1,DRIVER,DRIVER LICENSE
15048064,1,Y,1,DRIVER,DRIVER LICENSE
15066925,1,Y,1,DRIVER,DRIVER LICENSE
15067244,1,Y,1,DRIVER,DRIVER LICENSE
15027873,1,Y,1,DRIVER,DRIVER LICENSE
15047573,1,Y,1,DRIVER,DRIVER LICENSE
15049193,1,Y,1,DRIVER,DRIVER LICENSE
15040269,1,Y,1,DRIVER,DRIVER LICENSE
14988424,1,Y,1,DRIVER,DRIVER LICENSE
15026065,1,Y,1,DRIVER,DRIVER LICENSE
15069513,1,Y,1,DRIVER,DRIVER LICENSE
15035390,1,Y,1,DRIVER,DRIVER LICENSE
15019219,2,Y,1,DRIVER,DRIVER LICENSE
15009996,1,Y,1,DRIVER,DRIVER LICENSE
15050105,1,Y,1,DRIVER,DRIVER LICENSE
14992628,1,Y,1,DRIVER,DRIVER LICENSE
15030868,1,Y,1,DRIVER,DRIVER LICENSE
15037466,1,Y,1,DRIVER,DRIVER LICENSE
15017054,1,Y,1,DRIVER,DRIVER LICENSE
15035067,1,Y,1,DRIVER,DRIVER LICENSE
15037137,1,Y,1,DRIVER,DRIVER LICENSE
15042294,1,Y,1,DRIVER,DRIVER LICENSE
14997853,1,Y,1,DRIVER,DRIVER LICENSE
15005629,1,Y,1,DRIVER,DRIVER LICENSE
15018490,1,Y,1,DRIVER,DRIVER LICENSE
15024342,2,Y,1,DRIVER,DRIVER LICENSE
15050190,1,Y,1,DRIVER,COMMERCIAL DRIVER LIC.
15039974,1,Y,1,DRIVER,DRIVER LICENSE
14996113,1,Y,1,DRIVER,DRIVER LICENSE
15077636,1,Y,1,DRIVER,DRIVER LICENSE
15010752,1,Y,1,DRIVER,DRIVER LICENSE
15022273,1,Y,1,DRIVER,DRIVER LICENSE
14995436,1,Y,1,DRIVER,DRIVER LICENSE
15049910,1,Y,1,DRIVER,DRIVER LICENSE
15035902,1,Y,1,DRIVER,DRIVER LICENSE
15043639,1,Y,1,DRIVER,DRIVER LICENSE
15017841,1,Y,1,DRIVER,DRIVER LICENSE
15094694,1,Y,1,DRIVER,DRIVER LICENSE
15043090,1,Y,1,DRIVER,DRIVER LICENSE
15092497,1,Y,1,DRIVER,DRIVER LICENSE
15015619,1,Y,1,DRIVER,DRIVER LICENSE
15016238,1,Y,1,DRIVER,DRIVER LICENSE
15022051,1,Y,1,DRIVER,DRIVER LICENSE
15043203,1,Y,1,DRIVER,DRIVER LICENSE
15014042,1,Y,1,DRIVER,DRIVER LICENSE
15047458,1,Y,1,DRIVER,DRIVER LICENSE
15007728,1,Y,1,DRIVER,DRIVER LICENSE
15096174,1,Y,1,DRIVER,COMMERCIAL DRIVER LIC.
15009961,1,Y,1,DRIVER,DRIVER LICENSE
15033133,1,Y,1,DRIVER,DRIVER LICENSE
15044939,2,Y,1,DRIVER,COMMERCIAL DRIVER LIC.
15046418,1,Y,1,DRIVER,DRIVER LICENSE
15005683,1,Y,1,DRIVER,DRIVER LICENSE
15092555,1,Y,1,DRIVER,DRIVER LICENSE
15101281,1,Y,1,DRIVER,DRIVER LICENSE
15046671,1,Y,1,DRIVER,DRIVER LICENSE
14995416,1,Y,1,DRIVER,DRIVER LICENSE
15036604,3,Y,1,DRIVER,DRIVER LICENSE
14996683,1,Y,1,DRIVER,DRIVER LICENSE
14991523,1,Y,1,DRIVER,DRIVER LICENSE
15006246,1,Y,1,DRIVER,DRIVER LICENSE
15012641,1,Y,1,DRIVER,DRIVER LICENSE
15048085,1,Y,1,DRIVER,DRIVER LICENSE
15027904,2,Y,1,DRIVER,DRIVER LICENSE
15031735,1,Y,1,DRIVER,DRIVER LICENSE
15033716,1,Y,1,DRIVER,DRIVER LICENSE
15101285,1,Y,1,DRIVER,DRIVER LICENSE
15013134,1,Y,1,DRIVER,DRIVER LICENSE
15026760,1,Y,1,DRIVER,DRIVER LICENSE
15036779,1,Y,1,DRIVER,DRIVER LICENSE
15053632,1,Y,1,DRIVER,DRIVER LICENSE
14996679,1,Y,1,DRIVER,DRIVER LICENSE
15027205,2,Y,1,DRIVER,DRIVER LICENSE
15049912,1,Y,1,DRIVER,DRIVER LICENSE
15024551,1,Y,1,DRIVER,DRIVER LICENSE
15044416,2,Y,1,DRIVER,DRIVER LICENSE
14996201,1,Y,1,DRIVER,DRIVER LICENSE
15070856,1,Y,1,DRIVER,DRIVER LICENSE
15082896,1,Y,1,DRIVER,COMMERCIAL DRIVER LIC.
15014967,1,Y,1,DRIVER,DRIVER LICENSE
15090820,1,Y,1,DRIVER,DRIVER LICENSE
15022271,1,Y,1,DRIVER,DRIVER LICENSE
15025465,1,Y,1,DRIVER,DRIVER LICENSE
15142677,1,Y,1,DRIVER,DRIVER LICENSE
15003373,1,Y,1,DRIVER,DRIVER LICENSE
15040249,1,Y,1,DRIVER,DRIVER LICENSE
15090372,1,Y,1,DRIVER,DRIVER LICENSE
15046557,1,Y,1,DRIVER,DRIVER LICENSE
15048194,1,Y,1,DRIVER,DRIVER LICENSE
15034410,1,Y,1,DRIVER,DRIVER LICENSE
15036230,1,Y,1,DRIVER,DRIVER LICENSE
15067255,1,Y,1,DRIVER,DRIVER LICENSE
15010242,1,Y,1,DRIVER,DRIVER LICENSE
15038885,1,Y,1,DRIVER,DRIVER LICENSE
15001150,1,Y,1,DRIVER,DRIVER LICENSE
15036480,1,Y,1,DRIVER,DRIVER LICENSE
15044416,1,Y,1,DRIVER,DRIVER LICENSE
15104157,2,Y,1,DRIVER,DRIVER LICENSE
15002901,1,Y,1,DRIVER,DRIVER LICENSE
15002741,2,Y,1,DRIVER,DRIVER LICENSE
15024727,2,Y,1,DRIVER,COMMERCIAL DRIVER LIC.
14996951,1,Y,1,DRIVER,DRIVER LICENSE
15004900,1,Y,1,DRIVER,DRIVER LICENSE
15005458,1,Y,1,DRIVER,DRIVER LICENSE
15014825,1,Y,1,DRIVER,DRIVER LICENSE
15010736,1,Y,1,DRIVER,DRIVER LICENSE
15021284,1,Y,1,DRIVER,DRIVER LICENSE
15036731,1,Y,1,DRIVER,DRIVER LICENSE
15001613,1,Y,1,DRIVER,DRIVER LICENSE
14995783,1,Y,1,DRIVER,DRIVER LICENSE
15045449,1,Y,1,DRIVER,DRIVER LICENSE
15019755,1,Y,1,DRIVER,DRIVER LICENSE
15031983,1,Y,1,DRIVER,DRIVER LICENSE
15039650,1,Y,1,DRIVER,DRIVER LICENSE
15070986,1,Y,1,DRIVER,DRIVER LICENSE
15097581,1,Y,1,DRIVER,DRIVER LICENSE
15028664,1,Y,1,DRIVER,COMMERCIAL DRIVER LIC.
15025340,1,Y,1,DRIVER,DRIVER LICENSE
15017244,1,Y,1,DRIVER,DRIVER LICENSE
15036374,1,Y,1,DRIVER,DRIVER LICENSE
15068171,2,Y,1,DRIVER,DRIVER LICENSE
15012520,1,Y,1,DRIVER,DRIVER LICENSE
15028403,1,Y,1,DRIVER,DRIVER LICENSE
15048569,1,Y,1,DRIVER,DRIVER LICENSE
15014759,1,Y,1,DRIVER,DRIVER LICENSE
15014962,1,Y,1,DRIVER,DRIVER LICENSE
14990584,1,Y,1,DRIVER,DRIVER LICENSE
15000921,1,Y,1,DRIVER,DRIVER LICENSE
15021741,1,Y,1,DRIVER,DRIVER LICENSE
15029134,1,Y,1,DRIVER,DRIVER LICENSE
15046637,1,Y,1,DRIVER,DRIVER LICENSE
15027904,3,Y,1,DRIVER,DRIVER LICENSE
14992860,1,Y,1,DRIVER,DRIVER LICENSE
14991344,1,Y,1,DRIVER,DRIVER LICENSE
14996650,1,Y,1,DRIVER,DRIVER LICENSE
15005874,1,Y,1,DRIVER,DRIVER LICENSE
15019219,1,Y,1,DRIVER,DRIVER LICENSE
15002961,2,Y,1,DRIVER,DRIVER LICENSE
15052247,1,Y,1,DRIVER,DRIVER LICENSE
15141259,1,Y,1,DRIVER,DRIVER LICENSE
15002741,1,Y,1,DRIVER,DRIVER LICENSE
14991661,1,Y,1,DRIVER,DRIVER LICENSE
15023436,1,Y,1,DRIVER,DRIVER LICENSE
15033750,1,Y,1,DRIVER,DRIVER LICENSE
15051195,1,Y,1,DRIVER,COMMERCIAL DRIVER LIC.
15104427,1,Y,1,DRIVER,DRIVER LICENSE
15067477,1,Y,1,DRIVER,DRIVER LICENSE
15009434,1,Y,1,DRIVER,DRIVER LICENSE
15002901,2,Y,1,DRIVER,DRIVER LICENSE
15020427,1,Y,1,DRIVER,DRIVER LICENSE
15027573,1,Y,1,DRIVER,DRIVER LICENSE
15081353,1,Y,1,DRIVER,DRIVER LICENSE
15039643,1,Y,1,DRIVER,DRIVER LICENSE
15021903,1,Y,1,DRIVER,DRIVER LICENSE
15037596,1,Y,1,DRIVER,DRIVER LICENSE
15002529,1,Y,1,DRIVER,DRIVER LICENSE
15014238,1,Y,1,DRIVER,DRIVER LICENSE
15027904,1,Y,1,DRIVER,DRIVER LICENSE
14991532,1,Y,1,DRIVER,DRIVER LICENSE
14996603,1,Y,1,DRIVER,DRIVER LICENSE
15029321,1,Y,1,DRIVER,DRIVER LICENSE
15004852,1,Y,1,DRIVER,DRIVER LICENSE
15040249,2,Y,1,DRIVER,DRIVER LICENSE
15055500,1,Y,1,DRIVER,DRIVER LICENSE
14998049,1,Y,1,DRIVER,DRIVER LICENSE
15049977,1,Y,1,DRIVER,OCCUPATIONAL
15049914,1,Y,1,DRIVER,DRIVER LICENSE
14992208,1,Y,1,DRIVER,DRIVER LICENSE
15031828,1,Y,1,DRIVER,DRIVER LICENSE
15036954,1,Y,1,DRIVER,DRIVER LICENSE
14992208,2,Y,1,DRIVER,DRIVER LICENSE
15032685,1,Y,1,DRIVER,DRIVER LICENSE
15044532,1,Y,1,DRIVER,DRIVER LICENSE
15022271,2,Y,1,DRIVER,COMMERCIAL DRIVER LIC.
15054305,1,Y,1,DRIVER,DRIVER LICENSE
15048778,1,Y,1,DRIVER,DRIVER LICENSE
15024702,1,Y,1,DRIVER,DRIVER LICENSE
15035893,1,Y,1,DRIVER,DRIVER LICENSE
15050190,6,Y,1,DRIVER,DRIVER LICENSE
15080896,1,Y,1,DRIVER,DRIVER LICENSE
15088403,1,Y,1,DRIVER,DRIVER LICENSE
14992965,1,Y,1,DRIVER,DRIVER LICENSE
15042218,1,Y,1,DRIVER,DRIVER LICENSE
15084701,1,Y,1,DRIVER,DRIVER LICENSE
15024265,1,Y,1,DRIVER,DRIVER LICENSE
15009961,2,Y,1,DRIVER,DRIVER LICENSE
15009455,1,Y,1,DRIVER,DRIVER LICENSE
15044745,2,Y,1,DRIVER,DRIVER LICENSE
15007088,1,Y,1,DRIVER,DRIVER LICENSE
14990811,1,Y,1,DRIVER,DRIVER LICENSE
15017634,1,Y,1,DRIVER,DRIVER LICENSE
15032368,1,Y,1,DRIVER,DRIVER LICENSE
15036384,1,Y,1,DRIVER,DRIVER LICENSE
14990011,1,Y,1,DRIVER,DRIVER LICENSE
15007525,1,Y,1,DRIVER,DRIVER LICENSE
14996094,1,Y,1,DRIVER,DRIVER LICENSE
14996285,1,Y,1,DRIVER,DRIVER LICENSE
15001886,1,Y,1,DRIVER,DRIVER LICENSE
15128108,1,Y,1,DRIVER,DRIVER LICENSE
15070443,1,Y,1,DRIVER,DRIVER LICENSE
15071512,1,Y,1,DRIVER,DRIVER LICENSE
15080252,1,Y,1,DRIVER,DRIVER LICENSE
15107994,1,Y,1,DRIVER,DRIVER LICENSE
15143323,1,Y,1,DRIVER,DRIVER LICENSE
15088366,1,Y,1,DRIVER,DRIVER LICENSE
15111827,2,Y,1,DRIVER,DRIVER LICENSE
15139972,1,Y,1,DRIVER,DRIVER LICENSE
15089819,1,Y,1,DRIVER,DRIVER LICENSE
15113787,1,Y,1,DRIVER,DRIVER LICENSE
15103091,2,Y,1,DRIVER,DRIVER LICENSE
15112708,1,Y,1,DRIVER,DRIVER LICENSE
15118327,2,Y,1,DRIVER,DRIVER LICENSE
15105206,1,Y,1,DRIVER,DRIVER LICENSE
15124501,1,Y,1,DRIVER,DRIVER LICENSE
15141746,1,Y,1,DRIVER,DRIVER LICENSE
15096819,1,Y,1,DRIVER,DRIVER LICENSE
15122100,1,Y,1,DRIVER,DRIVER LICENSE
15129579,1,Y,1,DRIVER,DRIVER LICENSE
15110277,1,Y,1,DRIVER,DRIVER LICENSE
15111368,1,Y,1,DRIVER,DRIVER LICENSE
15122930,1,Y,1,DRIVER,DRIVER LICENSE
15131307,1,Y,1,DRIVER,DRIVER LICENSE
15119222,1,Y,1,DRIVER,DRIVER LICENSE
15116070,1,Y,1,DRIVER,DRIVER LICENSE
15117058,1,Y,1,DRIVER,DRIVER LICENSE
15122379,1,Y,1,DRIVER,DRIVER LICENSE
15106502,1,Y,1,DRIVER,DRIVER LICENSE
15139424,1,Y,1,DRIVER,DRIVER LICENSE
15140219,1,Y,1,DRIVER,DRIVER LICENSE
15109315,1,Y,1,DRIVER,DRIVER LICENSE
15066539,1,Y,1,DRIVER,DRIVER LICENSE
15113518,1,Y,1,DRIVER,DRIVER LICENSE
15080441,1,Y,1,DRIVER,DRIVER LICENSE
15112221,1,Y,1,DRIVER,DRIVER LICENSE
15132537,1,Y,1,DRIVER,DRIVER LICENSE
15091483,1,Y,1,DRIVER,DRIVER LICENSE
15120297,1,Y,1,DRIVER,DRIVER LICENSE
15124931,1,Y,1,DRIVER,DRIVER LICENSE
15097126,1,Y,1,DRIVER,DRIVER LICENSE
15138193,1,Y,1,DRIVER,DRIVER LICENSE
15092292,1,Y,1,DRIVER,DRIVER LICENSE
15106502,2,Y,1,DRIVER,DRIVER LICENSE
15086723,1,Y,1,DRIVER,DRIVER LICENSE
15090106,1,Y,1,DRIVER,DRIVER LICENSE
15109432,1,Y,1,DRIVER,DRIVER LICENSE
15127786,1,Y,1,DRIVER,DRIVER LICENSE
15080795,1,Y,1,DRIVER,DRIVER LICENSE
15142237,1,Y,1,DRIVER,DRIVER LICENSE
15144279,1,Y,1,DRIVER,DRIVER LICENSE
15086440,1,Y,1,DRIVER,DRIVER LICENSE
15102401,1,Y,1,DRIVER,DRIVER LICENSE
15136075,1,Y,1,DRIVER,DRIVER LICENSE
15068746,1,Y,1,DRIVER,DRIVER LICENSE
15118702,1,Y,1,DRIVER,DRIVER LICENSE
15127938,1,Y,1,DRIVER,DRIVER LICENSE
15290584,1,Y,1,DRIVER,DRIVER LICENSE
15120922,1,Y,1,DRIVER,DRIVER LICENSE
15133080,1,Y,1,DRIVER,DRIVER LICENSE
15106679,1,Y,1,DRIVER,DRIVER LICENSE
15117250,1,Y,1,DRIVER,DRIVER LICENSE
15091289,1,Y,1,DRIVER,DRIVER LICENSE
15100417,1,Y,1,DRIVER,DRIVER LICENSE
15108479,1,Y,1,DRIVER,DRIVER LICENSE
15084586,2,Y,1,DRIVER,DRIVER LICENSE
15137617,1,Y,1,DRIVER,DRIVER LICENSE
15097297,1,Y,1,DRIVER,DRIVER LICENSE
15131107,1,Y,1,DRIVER,COMMERCIAL DRIVER LIC.
15135199,1,Y,1,DRIVER,DRIVER LICENSE
15169518,1,Y,1,DRIVER,DRIVER LICENSE
15100021,1,Y,1,DRIVER,DRIVER LICENSE
15115500,1,Y,1,DRIVER,DRIVER LICENSE
15108466,1,Y,1,DRIVER,DRIVER LICENSE
15138421,1,Y,1,DRIVER,DRIVER LICENSE
15077963,1,Y,1,DRIVER,DRIVER LICENSE
15127900,1,Y,1,DRIVER,DRIVER LICENSE
15134815,1,Y,1,DRIVER,DRIVER LICENSE
15068373,1,Y,1,DRIVER,DRIVER LICENSE
15100804,1,Y,1,DRIVER,DRIVER LICENSE
15122712,1,Y,1,DRIVER,DRIVER LICENSE
15110899,2,Y,1,DRIVER,DRIVER LICENSE
15133049,2,Y,1,DRIVER,DRIVER LICENSE
15128355,1,Y,1,DRIVER,DRIVER LICENSE
15133585,1,Y,1,DRIVER,DRIVER LICENSE
15113762,1,Y,1,DRIVER,DRIVER LICENSE
15121456,1,Y,1,DRIVER,DRIVER LICENSE
15102221,1,Y,1,DRIVER,DRIVER LICENSE
15114818,1,Y,1,DRIVER,COMMERCIAL DRIVER LIC.
15125477,2,Y,1,DRIVER,DRIVER LICENSE
15121886,1,Y,1,DRIVER,DRIVER LICENSE
15132620,1,Y,1,DRIVER,DRIVER LICENSE
15124979,1,Y,1,DRIVER,DRIVER LICENSE
15135339,1,Y,1,DRIVER,DRIVER LICENSE
15069032,1,Y,1,DRIVER,DRIVER LICENSE
15128139,1,Y,1,DRIVER,DRIVER LICENSE
15122779,1,Y,1,DRIVER,DRIVER LICENSE
15122802,1,Y,1,DRIVER,DRIVER LICENSE
15131777,1,Y,1,DRIVER,DRIVER LICENSE
15079224,1,Y,1,DRIVER,DRIVER LICENSE
15143636,1,Y,1,DRIVER,DRIVER LICENSE
15067417,2,Y,1,DRIVER,DRIVER LICENSE
15109035,2,Y,1,DRIVER,DRIVER LICENSE
15070245,1,Y,1,DRIVER,DRIVER LICENSE
15122505,1,Y,1,DRIVER,DRIVER LICENSE
15088375,1,Y,1,DRIVER,DRIVER LICENSE
15101061,2,Y,1,DRIVER,DRIVER LICENSE
15110240,1,Y,1,DRIVER,COMMERCIAL DRIVER LIC.
15111009,1,Y,1,DRIVER,DRIVER LICENSE
15084202,1,Y,1,DRIVER,DRIVER LICENSE
15140293,1,Y,1,DRIVER,DRIVER LICENSE
15145422,1,Y,1,DRIVER,DRIVER LICENSE
15113295,1,Y,1,DRIVER,DRIVER LICENSE
15124173,1,Y,1,DRIVER,DRIVER LICENSE
15128298,1,Y,1,DRIVER,DRIVER LICENSE
15110899,1,Y,1,DRIVER,DRIVER LICENSE
15143805,1,Y,1,DRIVER,DRIVER LICENSE
15067417,1,Y,1,DRIVER,DRIVER LICENSE
15078835,1,Y,1,DRIVER,DRIVER LICENSE
15126739,2,Y,1,DRIVER,DRIVER LICENSE
15135761,1,Y,1,DRIVER,DRIVER LICENSE
15077873,1,Y,1,DRIVER,DRIVER LICENSE
15092091,1,Y,1,DRIVER,DRIVER LICENSE
15136371,1,Y,1,DRIVER,DRIVER LICENSE
15080323,2,Y,1,DRIVER,DRIVER LICENSE
15080154,1,Y,1,DRIVER,DRIVER LICENSE
15121979,2,Y,1,DRIVER,DRIVER LICENSE
15087035,1,Y,1,DRIVER,DRIVER LICENSE
15117479,1,Y,1,DRIVER,DRIVER LICENSE
15087158,1,Y,1,DRIVER,DRIVER LICENSE
15079114,1,Y,1,DRIVER,DRIVER LICENSE
15105607,1,Y,1,DRIVER,DRIVER LICENSE
15120233,1,Y,1,DRIVER,DRIVER LICENSE
15132573,1,Y,1,DRIVER,DRIVER LICENSE
15079687,1,Y,1,DRIVER,DRIVER LICENSE
15097297,2,Y,1,DRIVER,DRIVER LICENSE
15123033,1,Y,1,DRIVER,DRIVER LICENSE
15123613,1,Y,1,DRIVER,DRIVER LICENSE
15124101,1,Y,1,DRIVER,DRIVER LICENSE
15100526,1,Y,1,DRIVER,DRIVER LICENSE
15089881,1,Y,1,DRIVER,DRIVER LICENSE
15122908,1,Y,1,DRIVER,DRIVER LICENSE
15084042,1,Y,1,DRIVER,DRIVER LICENSE
15122546,1,Y,1,DRIVER,DRIVER LICENSE
15123963,1,Y,1,DRIVER,DRIVER LICENSE
15127699,2,Y,1,DRIVER,DRIVER LICENSE
15128833,1,Y,1,DRIVER,DRIVER LICENSE
15132501,1,Y,1,DRIVER,DRIVER LICENSE
15134937,1,Y,1,DRIVER,DRIVER LICENSE
15118677,1,Y,1,DRIVER,DRIVER LICENSE
15130885,1,Y,1,DRIVER,DRIVER LICENSE
15129011,1,Y,1,DRIVER,DRIVER LICENSE
15087136,1,Y,1,DRIVER,DRIVER LICENSE
15112478,1,Y,1,DRIVER,DRIVER LICENSE
15136655,1,Y,1,DRIVER,DRIVER LICENSE
15144263,1,Y,1,DRIVER,DRIVER LICENSE
15056010,1,Y,1,DRIVER,DRIVER LICENSE
15109448,2,Y,1,DRIVER,DRIVER LICENSE
15135088,1,Y,1,DRIVER,DRIVER LICENSE
15109432,2,Y,1,DRIVER,DRIVER LICENSE
15109938,2,Y,1,DRIVER,DRIVER LICENSE
15112722,1,Y,1,DRIVER,DRIVER LICENSE
15142796,1,Y,1,DRIVER,DRIVER LICENSE
15082098,1,Y,1,DRIVER,DRIVER LICENSE
15101450,1,Y,1,DRIVER,COMMERCIAL DRIVER LIC.
15103943,1,Y,1,DRIVER,DRIVER LICENSE
15132576,1,Y,1,DRIVER,DRIVER LICENSE
15106676,1,Y,1,DRIVER,DRIVER LICENSE
15071656,1,Y,1,DRIVER,DRIVER LICENSE
15124477,2,Y,1,DRIVER,DRIVER LICENSE
15139224,1,Y,1,DRIVER,DRIVER LICENSE
15105510,2,Y,1,DRIVER,DRIVER LICENSE
15091435,1,Y,1,DRIVER,DRIVER LICENSE
15123200,1,Y,1,DRIVER,DRIVER LICENSE
15135331,1,Y,1,DRIVER,DRIVER LICENSE
15138540,1,Y,1,DRIVER,DRIVER LICENSE
15129101,1,Y,1,DRIVER,DRIVER LICENSE
15140641,1,Y,1,DRIVER,DRIVER LICENSE
15090105,1,Y,1,DRIVER,DRIVER LICENSE
15108502,1,Y,1,DRIVER,DRIVER LICENSE
15134732,1,Y,1,DRIVER,DRIVER LICENSE
15085926,1,Y,1,DRIVER,DRIVER LICENSE
15091821,1,Y,1,DRIVER,DRIVER LICENSE
15127978,1,Y,1,DRIVER,DRIVER LICENSE
15143152,1,Y,1,DRIVER,DRIVER LICENSE
15080323,1,Y,1,DRIVER,DRIVER LICENSE
15097746,1,Y,1,DRIVER,DRIVER LICENSE
15120428,1,Y,1,DRIVER,DRIVER LICENSE
15069080,2,Y,1,DRIVER,COMMERCIAL DRIVER LIC.
15099938,1,Y,1,DRIVER,DRIVER LICENSE
15105869,1,Y,1,DRIVER,DRIVER LICENSE
15106930,1,Y,1,DRIVER,DRIVER LICENSE
15120154,1,Y,1,DRIVER,DRIVER LICENSE
15123333,1,Y,1,DRIVER,DRIVER LICENSE
15127873,1,Y,1,DRIVER,DRIVER LICENSE
15129392,1,Y,1,DRIVER,DRIVER LICENSE
15135580,1,Y,1,DRIVER,DRIVER LICENSE
15119211,1,Y,1,DRIVER,DRIVER LICENSE
15086364,1,Y,1,DRIVER,DRIVER LICENSE
15112695,1,Y,1,DRIVER,DRIVER LICENSE
15115425,1,Y,1,DRIVER,DRIVER LICENSE
15053829,1,Y,1,DRIVER,DRIVER LICENSE
15098994,1,Y,1,DRIVER,DRIVER LICENSE
15124106,1,Y,1,DRIVER,DRIVER LICENSE
15141009,1,Y,1,DRIVER,DRIVER LICENSE
15086496,2,Y,1,DRIVER,DRIVER LICENSE
15087495,1,Y,1,DRIVER,DRIVER LICENSE
15136070,1,Y,1,DRIVER,DRIVER LICENSE
15089161,1,Y,1,DRIVER,DRIVER LICENSE
15089805,3,Y,1,DRIVER,DRIVER LICENSE
15107548,1,Y,1,DRIVER,DRIVER LICENSE
15069080,1,Y,1,DRIVER,DRIVER LICENSE
15127906,1,Y,1,DRIVER,DRIVER LICENSE
15054035,1,Y,1,DRIVER,DRIVER LICENSE
15111753,1,Y,1,DRIVER,DRIVER LICENSE
15115001,2,Y,1,DRIVER,DRIVER LICENSE
15105183,1,Y,1,DRIVER,DRIVER LICENSE
15186161,1,Y,1,DRIVER,DRIVER LICENSE
15132581,1,Y,1,DRIVER,DRIVER LICENSE
15082267,1,Y,1,DRIVER,DRIVER LICENSE
15112457,1,Y,1,DRIVER,DRIVER LICENSE
15115804,1,Y,1,DRIVER,DRIVER LICENSE
15124043,1,Y,1,DRIVER,DRIVER LICENSE
15133191,1,Y,1,DRIVER,DRIVER LICENSE
15120698,1,Y,1,DRIVER,DRIVER LICENSE
15131083,1,Y,1,DRIVER,DRIVER LICENSE
15075539,1,Y,1,DRIVER,DRIVER LICENSE
15100346,1,Y,1,DRIVER,DRIVER LICENSE
15109035,1,Y,1,DRIVER,DRIVER LICENSE
15090432,1,Y,1,DRIVER,DRIVER LICENSE
15083261,1,Y,1,DRIVER,DRIVER LICENSE
15109693,1,Y,1,DRIVER,DRIVER LICENSE
15132966,1,Y,1,DRIVER,DRIVER LICENSE
15076847,2,Y,1,DRIVER,DRIVER LICENSE
15087967,1,Y,1,DRIVER,DRIVER LICENSE
15124477,1,Y,1,DRIVER,DRIVER LICENSE
15117747,1,Y,1,DRIVER,DRIVER LICENSE
15085941,2,Y,1,DRIVER,DRIVER LICENSE
15121874,1,Y,1,DRIVER,OCCUPATIONAL
15110690,1,Y,1,DRIVER,DRIVER LICENSE
15106338,1,Y,1,DRIVER,DRIVER LICENSE
15087895,1,Y,1,DRIVER,DRIVER LICENSE
15113687,1,Y,1,DRIVER,DRIVER LICENSE
15127331,2,Y,1,DRIVER,DRIVER LICENSE
15087896,1,Y,1,DRIVER,DRIVER LICENSE
15103091,1,Y,1,DRIVER,DRIVER LICENSE
15121914,1,Y,1,DRIVER,DRIVER LICENSE
15108194,1,Y,1,DRIVER,DRIVER LICENSE
15120432,1,Y,1,DRIVER,DRIVER LICENSE
15140955,1,Y,1,DRIVER,DRIVER LICENSE
15070685,1,Y,1,DRIVER,DRIVER LICENSE
15087147,1,Y,1,DRIVER,DRIVER LICENSE
15106490,1,Y,1,DRIVER,DRIVER LICENSE
15106491,1,Y,1,DRIVER,DRIVER LICENSE
15108574,3,Y,1,DRIVER,DRIVER LICENSE
15112319,1,Y,1,DRIVER,DRIVER LICENSE
15097280,1,Y,1,DRIVER,DRIVER LICENSE
15099388,1,Y,1,DRIVER,DRIVER LICENSE
15109938,1,Y,1,DRIVER,DRIVER LICENSE
15121979,1,Y,1,DRIVER,DRIVER LICENSE
15091445,3,Y,1,DRIVER,DRIVER LICENSE
15135145,1,Y,1,DRIVER,DRIVER LICENSE
15104909,1,Y,1,DRIVER,DRIVER LICENSE
15087407,3,Y,1,DRIVER,DRIVER LICENSE
15145326,1,Y,1,DRIVER,DRIVER LICENSE
15085941,1,Y,1,DRIVER,DRIVER LICENSE
15120659,1,Y,1,DRIVER,DRIVER LICENSE
15127765,1,Y,1,DRIVER,DRIVER LICENSE
15128273,1,Y,1,DRIVER,DRIVER LICENSE
15130222,1,Y,1,DRIVER,DRIVER LICENSE
15093910,1,Y,1,DRIVER,DRIVER LICENSE
15127771,1,Y,1,DRIVER,DRIVER LICENSE
15082193,1,Y,1,DRIVER,DRIVER LICENSE
15121071,1,Y,1,DRIVER,DRIVER LICENSE
15121743,1,Y,1,DRIVER,DRIVER LICENSE
15092259,1,Y,1,DRIVER,DRIVER LICENSE
15122011,1,Y,1,DRIVER,DRIVER LICENSE
15079699,1,Y,1,DRIVER,DRIVER LICENSE
15108574,1,Y,1,DRIVER,DRIVER LICENSE
15140302,1,Y,1,DRIVER,DRIVER LICENSE
15105613,1,Y,1,DRIVER,DRIVER LICENSE
15107323,1,Y,1,DRIVER,DRIVER LICENSE
15135853,1,Y,1,DRIVER,DRIVER LICENSE
15086844,1,Y,1,DRIVER,DRIVER LICENSE
15122527,2,Y,1,DRIVER,DRIVER LICENSE
15082832,1,Y,1,DRIVER,DRIVER LICENSE
15091702,1,Y,1,DRIVER,DRIVER LICENSE
15111241,1,Y,1,DRIVER,DRIVER LICENSE
15116572,1,Y,1,DRIVER,DRIVER LICENSE
15136432,1,Y,1,DRIVER,DRIVER LICENSE
15089805,2,Y,1,DRIVER,DRIVER LICENSE
15105604,1,Y,1,DRIVER,DRIVER LICENSE
15120118,1,Y,1,DRIVER,DRIVER LICENSE
15143648,1,Y,1,DRIVER,DRIVER LICENSE
15077964,1,Y,1,DRIVER,DRIVER LICENSE
15082203,1,Y,1,DRIVER,DRIVER LICENSE
15098137,1,Y,1,DRIVER,DRIVER LICENSE
15142281,1,Y,1,DRIVER,DRIVER LICENSE
15087867,1,Y,1,DRIVER,DRIVER LICENSE
15091821,3,Y,1,DRIVER,DRIVER LICENSE
15101450,2,Y,1,DRIVER,DRIVER LICENSE
15080234,1,Y,1,DRIVER,DRIVER LICENSE
15082198,1,Y,1,DRIVER,DRIVER LICENSE
15105369,1,Y,1,DRIVER,DRIVER LICENSE
15107788,1,Y,1,DRIVER,DRIVER LICENSE
15130677,1,Y,1,DRIVER,DRIVER LICENSE
15136849,1,Y,1,DRIVER,DRIVER LICENSE
15089824,1,Y,1,DRIVER,DRIVER LICENSE
15094271,1,Y,1,DRIVER,DRIVER LICENSE
15089824,2,Y,1,DRIVER,DRIVER LICENSE
15094065,1,Y,1,DRIVER,DRIVER LICENSE
15123963,2,Y,1,DRIVER,DRIVER LICENSE
15107822,1,Y,1,DRIVER,DRIVER LICENSE
15115001,1,Y,1,DRIVER,DRIVER LICENSE
15126068,1,Y,1,DRIVER,DRIVER LICENSE
15132405,1,Y,1,DRIVER,DRIVER LICENSE
15134008,1,Y,1,DRIVER,DRIVER LICENSE
15144541,1,Y,1,DRIVER,DRIVER LICENSE
15079516,1,Y,1,DRIVER,DRIVER LICENSE
15099668,2,Y,1,DRIVER,DRIVER LICENSE
15087967,2,Y,1,DRIVER,DRIVER LICENSE
15092254,1,Y,1,DRIVER,DRIVER LICENSE
15114818,3,Y,1,DRIVER,DRIVER LICENSE
15121063,1,Y,1,DRIVER,DRIVER LICENSE
15143844,1,Y,1,DRIVER,DRIVER LICENSE
15079362,1,Y,1,DRIVER,DRIVER LICENSE
15130118,1,Y,1,DRIVER,DRIVER LICENSE
15132580,1,Y,1,DRIVER,DRIVER LICENSE
15132405,2,Y,1,DRIVER,DRIVER LICENSE
15092912,1,Y,1,DRIVER,DRIVER LICENSE
15114849,1,Y,1,DRIVER,COMMERCIAL DRIVER LIC.
15128197,1,Y,1,DRIVER,DRIVER LICENSE
15126420,1,Y,1,DRIVER,COMMERCIAL DRIVER LIC.
15087425,1,Y,1,DRIVER,DRIVER LICENSE
15106368,1,Y,1,DRIVER,DRIVER LICENSE
15125223,1,Y,1,DRIVER,DRIVER LICENSE
15149005,1,Y,1,DRIVER,DRIVER LICENSE
15155738,1,Y,1,DRIVER,DRIVER LICENSE
15196129,1,Y,1,DRIVER,DRIVER LICENSE
15179964,1,Y,1,DRIVER,DRIVER LICENSE
15562355,1,Y,1,DRIVER,DRIVER LICENSE
15195614,2,Y,1,DRIVER OF MOTORCYCLE TYPE VEHICLE,DRIVER LICENSE
15195750,1,Y,1,DRIVER,DRIVER LICENSE
15151178,1,Y,1,DRIVER,DRIVER LICENSE
15161060,1,Y,1,DRIVER,DRIVER LICENSE
15171548,1,Y,1,DRIVER,DRIVER LICENSE
15179012,1,Y,1,DRIVER,DRIVER LICENSE
15147796,2,Y,1,DRIVER,DRIVER LICENSE
15173447,1,Y,1,DRIVER,DRIVER LICENSE
15173891,1,Y,1,DRIVER,DRIVER LICENSE
15174570,2,Y,1,DRIVER,DRIVER LICENSE
15199504,1,Y,1,DRIVER,DRIVER LICENSE
15208845,1,Y,1,DRIVER,DRIVER LICENSE
15165644,1,Y,1,DRIVER,DRIVER LICENSE
15213617,1,Y,1,DRIVER,DRIVER LICENSE
15146640,1,Y,1,DRIVER,DRIVER LICENSE
15191051,1,Y,1,DRIVER,DRIVER LICENSE
15207555,1,Y,1,DRIVER,DRIVER LICENSE
15218947,1,Y,1,DRIVER,DRIVER LICENSE
15191592,2,Y,1,DRIVER,DRIVER LICENSE
15159136,1,Y,1,DRIVER,DRIVER LICENSE
15160198,1,Y,1,DRIVER,DRIVER LICENSE
15172843,1,Y,1,DRIVER,DRIVER LICENSE
15206841,1,Y,1,DRIVER,DRIVER LICENSE
15212500,1,Y,1,DRIVER,DRIVER LICENSE
15197738,1,Y,1,DRIVER,DRIVER LICENSE
15211368,1,Y,1,DRIVER,DRIVER LICENSE
15152623,1,Y,1,DRIVER,DRIVER LICENSE
15163200,1,Y,1,DRIVER,DRIVER LICENSE
15167462,1,Y,1,DRIVER,DRIVER LICENSE
15201751,1,Y,1,DRIVER,DRIVER LICENSE
15204173,1,Y,1,DRIVER,DRIVER LICENSE
15156217,1,Y,1,DRIVER,DRIVER LICENSE
15184464,1,Y,1,DRIVER,DRIVER LICENSE
15161507,1,Y,1,DRIVER,DRIVER LICENSE
15173813,1,Y,1,DRIVER,DRIVER LICENSE
15149506,1,Y,1,DRIVER,DRIVER LICENSE
15168404,1,Y,1,DRIVER,DRIVER LICENSE
15170131,2,Y,1,DRIVER,DRIVER LICENSE
15180587,1,Y,1,DRIVER,DRIVER LICENSE
15182275,1,Y,1,DRIVER,DRIVER LICENSE
15164052,1,Y,1,DRIVER,DRIVER LICENSE
15165700,1,Y,1,DRIVER,DRIVER LICENSE
15174987,3,Y,1,DRIVER,DRIVER LICENSE
15180327,1,Y,1,DRIVER,DRIVER LICENSE
15199570,1,Y,1,DRIVER,DRIVER LICENSE
15167886,1,Y,1,DRIVER,DRIVER LICENSE
15175477,1,Y,1,DRIVER,DRIVER LICENSE
15146596,1,Y,1,DRIVER,DRIVER LICENSE
15197500,1,Y,1,DRIVER,DRIVER LICENSE
15162503,1,Y,1,DRIVER,DRIVER LICENSE
15158257,1,Y,1,DRIVER,DRIVER LICENSE
15165587,1,Y,1,DRIVER,DRIVER LICENSE
15176213,1,Y,1,DRIVER,DRIVER LICENSE
15155761,1,Y,1,DRIVER,DRIVER LICENSE
15168232,1,Y,1,DRIVER,DRIVER LICENSE
15191164,1,Y,1,DRIVER,DRIVER LICENSE
15202725,1,Y,1,DRIVER,DRIVER LICENSE
15215216,1,Y,1,DRIVER,DRIVER LICENSE
15182560,1,Y,1,DRIVER,DRIVER LICENSE
15213008,1,Y,1,DRIVER,DRIVER LICENSE
15214322,1,Y,1,DRIVER,DRIVER LICENSE
15206528,1,Y,1,DRIVER,DRIVER LICENSE
15190458,1,Y,1,DRIVER,DRIVER LICENSE
15157103,2,Y,1,DRIVER,DRIVER LICENSE
15166066,1,Y,1,DRIVER,DRIVER LICENSE
15199042,1,Y,1,DRIVER,DRIVER LICENSE
15165561,1,Y,1,DRIVER,DRIVER LICENSE
15191198,1,Y,1,DRIVER,DRIVER LICENSE
15213635,1,Y,1,DRIVER,DRIVER LICENSE
15177400,1,Y,1,DRIVER,DRIVER LICENSE
15183634,1,Y,1,DRIVER,DRIVER LICENSE
15192040,1,Y,1,DRIVER,DRIVER LICENSE
15148897,1,Y,1,DRIVER,DRIVER LICENSE
15160941,1,Y,1,DRIVER,COMMERCIAL DRIVER LIC.
15208319,1,Y,1,DRIVER,DRIVER LICENSE
15151140,1,Y,1,DRIVER,DRIVER LICENSE
15189652,1,Y,1,DRIVER,DRIVER LICENSE
15148514,1,Y,1,DRIVER,DRIVER LICENSE
15154548,1,Y,1,DRIVER,DRIVER LICENSE
15181718,1,Y,1,DRIVER,DRIVER LICENSE
15221280,1,Y,1,DRIVER,DRIVER LICENSE
15146004,1,Y,1,DRIVER,DRIVER LICENSE
15186741,2,Y,1,DRIVER,DRIVER LICENSE
15191125,1,Y,1,DRIVER,DRIVER LICENSE
15196845,1,Y,1,DRIVER,OCCUPATIONAL
15210528,1,Y,1,DRIVER,DRIVER LICENSE
15157328,1,Y,1,DRIVER,DRIVER LICENSE
15172606,1,Y,1,DRIVER,DRIVER LICENSE
15209389,1,Y,1,DRIVER,DRIVER LICENSE
15196749,1,Y,1,DRIVER,DRIVER LICENSE
15192377,1,Y,1,DRIVER,DRIVER LICENSE
15188596,1,Y,1,DRIVER,DRIVER LICENSE
15159512,1,Y,1,DRIVER,COMMERCIAL DRIVER LIC.
15161034,1,Y,1,DRIVER,DRIVER LICENSE
15207071,1,Y,1,DRIVER,DRIVER LICENSE
15188119,2,Y,1,DRIVER,DRIVER LICENSE
15150718,1,Y,1,DRIVER,DRIVER LICENSE
15157103,1,Y,1,DRIVER,DRIVER LICENSE
15202948,1,Y,1,DRIVER,DRIVER LICENSE
15204612,1,Y,1,DRIVER,DRIVER LICENSE
15179522,1,Y,1,DRIVER,DRIVER LICENSE
15210846,2,Y,1,DRIVER,DRIVER LICENSE
15272474,1,Y,1,DRIVER,DRIVER LICENSE
15304513,1,Y,1,DRIVER,DRIVER LICENSE
15199351,1,Y,1,DRIVER,DRIVER LICENSE
15189257,1,Y,1,DRIVER,DRIVER LICENSE
15195196,1,Y,1,DRIVER,DRIVER LICENSE
15188402,1,Y,1,DRIVER,DRIVER LICENSE
15171059,1,Y,1,DRIVER,DRIVER LICENSE
15171962,2,Y,1,DRIVER,DRIVER LICENSE
15180026,1,Y,1,DRIVER,DRIVER LICENSE
15157328,2,Y,1,DRIVER,DRIVER LICENSE
15186574,1,Y,1,DRIVER,DRIVER LICENSE
15204018,1,Y,1,DRIVER,DRIVER LICENSE
15196866,3,Y,1,DRIVER,DRIVER LICENSE
15201860,1,Y,1,DRIVER,DRIVER LICENSE
15211257,1,Y,1,DRIVER,DRIVER LICENSE
15161730,1,Y,1,DRIVER,DRIVER LICENSE
15174700,1,Y,1,DRIVER,DRIVER LICENSE
15188056,1,Y,1,DRIVER,DRIVER LICENSE
15199462,1,Y,1,DRIVER,DRIVER LICENSE
15203427,1,Y,1,DRIVER,DRIVER LICENSE
15153768,1,Y,1,DRIVER,DRIVER LICENSE
15187289,1,Y,1,DRIVER,DRIVER LICENSE
15196867,1,Y,1,DRIVER,DRIVER LICENSE
15210385,1,Y,1,DRIVER,DRIVER LICENSE
15150529,1,Y,1,DRIVER,DRIVER LICENSE
15154703,1,Y,1,DRIVER,DRIVER LICENSE
15181662,3,Y,1,DRIVER,DRIVER LICENSE
15194761,1,Y,1,DRIVER,DRIVER LICENSE
15147730,1,Y,1,DRIVER,DRIVER LICENSE
15151888,1,Y,1,DRIVER,DRIVER LICENSE
15202698,1,Y,1,DRIVER,DRIVER LICENSE
15200068,1,Y,1,DRIVER,DRIVER LICENSE
15206771,1,Y,1,DRIVER,DRIVER LICENSE
15147458,1,Y,1,DRIVER,DRIVER LICENSE
15146537,1,Y,1,DRIVER,DRIVER LICENSE
15154370,1,Y,1,DRIVER,DRIVER LICENSE
15171389,1,Y,1,DRIVER,DRIVER LICENSE
15193028,1,Y,1,DRIVER,DRIVER LICENSE
15185078,1,Y,1,DRIVER,DRIVER LICENSE
15169094,1,Y,1,DRIVER,DRIVER LICENSE
15179206,1,Y,1,DRIVER,DRIVER LICENSE
15190271,1,Y,1,DRIVER,DRIVER LICENSE
15276128,1,Y,1,DRIVER,DRIVER LICENSE
15163318,1,Y,1,DRIVER,DRIVER LICENSE
15148459,1,Y,1,DRIVER,DRIVER LICENSE
15153274,1,Y,1,DRIVER,DRIVER LICENSE
15195876,1,Y,1,DRIVER,DRIVER LICENSE
15215068,1,Y,1,DRIVER,DRIVER LICENSE
15146422,1,Y,1,DRIVER,DRIVER LICENSE
15199227,1,Y,1,DRIVER,DRIVER LICENSE
15199390,1,Y,1,DRIVER,DRIVER LICENSE
15203777,1,Y,1,DRIVER,DRIVER LICENSE
15147539,1,Y,1,DRIVER,DRIVER LICENSE
15195647,1,Y,1,DRIVER,DRIVER LICENSE
15189747,1,Y,1,DRIVER,DRIVER LICENSE
15147649,1,Y,1,DRIVER,DRIVER LICENSE
15195693,1,Y,1,DRIVER,DRIVER LICENSE
15188365,1,Y,1,DRIVER,DRIVER LICENSE
15166993,1,Y,1,DRIVER,DRIVER LICENSE
15152660,2,Y,1,DRIVER,DRIVER LICENSE
15199179,2,Y,1,DRIVER,DRIVER LICENSE
15153180,1,Y,1,DRIVER,DRIVER LICENSE
15190494,1,Y,1,DRIVER,DRIVER LICENSE
15148368,1,Y,1,DRIVER,DRIVER LICENSE
15157501,1,Y,1,DRIVER,DRIVER LICENSE
15186634,1,Y,1,DRIVER,DRIVER LICENSE
15210487,1,Y,1,DRIVER,DRIVER LICENSE
15328509,1,Y,1,DRIVER,DRIVER LICENSE
15203295,1,Y,1,DRIVER,COMMERCIAL DRIVER LIC.
15205841,1,Y,1,DRIVER,DRIVER LICENSE
15151091,1,Y,1,DRIVER,DRIVER LICENSE
15151678,3,Y,1,DRIVER,DRIVER LICENSE
15155763,1,Y,1,DRIVER,DRIVER LICENSE
15172854,1,Y,1,DRIVER,DRIVER LICENSE
15190105,1,Y,1,DRIVER,DRIVER LICENSE
15170000,1,Y,1,DRIVER,DRIVER LICENSE
15172249,1,Y,1,DRIVER,DRIVER LICENSE
15203364,1,Y,1,DRIVER,DRIVER LICENSE
15230360,1,Y,1,DRIVER,COMMERCIAL DRIVER LIC.
15182075,1,Y,1,DRIVER,DRIVER LICENSE
15201228,1,Y,1,DRIVER,DRIVER LICENSE
15152222,1,Y,1,DRIVER,DRIVER LICENSE
15165449,1,Y,1,DRIVER,DRIVER LICENSE
15196115,1,Y,1,DRIVER,DRIVER LICENSE
15215906,1,Y,1,DRIVER,DRIVER LICENSE
15157125,1,Y,1,DRIVER,DRIVER LICENSE
15170475,2,Y,1,DRIVER,DRIVER LICENSE
15175982,2,Y,1,DRIVER,DRIVER LICENSE
15161034,2,Y,1,DRIVER,DRIVER LICENSE
15166811,2,Y,1,DRIVER,DRIVER LICENSE
15151731,1,Y,1,DRIVER,DRIVER LICENSE
15210386,1,Y,1,DRIVER,DRIVER LICENSE
15212589,2,Y,1,DRIVER,DRIVER LICENSE
15145661,1,Y,1,DRIVER,DRIVER LICENSE
15158612,1,Y,1,DRIVER,DRIVER LICENSE
15212571,1,Y,1,DRIVER,DRIVER LICENSE
15213391,1,Y,1,DRIVER,DRIVER LICENSE
15157852,1,Y,1,DRIVER,DRIVER LICENSE
15158999,1,Y,1,DRIVER,DRIVER LICENSE
15258752,1,Y,1,DRIVER,COMMERCIAL DRIVER LIC.
15184053,1,Y,1,DRIVER,DRIVER LICENSE
15203310,1,Y,1,DRIVER,DRIVER LICENSE
15172989,1,Y,1,DRIVER,DRIVER LICENSE
15174741,1,Y,1,DRIVER,DRIVER LICENSE
15178242,1,Y,1,DRIVER,DRIVER LICENSE
15151216,3,Y,1,DRIVER,DRIVER LICENSE
15162975,1,Y,1,DRIVER,DRIVER LICENSE
15158998,1,Y,1,DRIVER,DRIVER LICENSE
15177768,1,Y,1,DRIVER,DRIVER LICENSE
15194197,1,Y,1,DRIVER,DRIVER LICENSE
15204778,1,Y,1,DRIVER,DRIVER LICENSE
15217375,1,Y,1,DRIVER,DRIVER LICENSE
15215746,1,Y,1,DRIVER,DRIVER LICENSE
15156811,1,Y,1,DRIVER,DRIVER LICENSE
15186478,1,Y,1,DRIVER,COMMERCIAL DRIVER LIC.
15191252,1,Y,1,DRIVER,DRIVER LICENSE
15192170,1,Y,1,DRIVER,DRIVER LICENSE
15197955,1,Y,1,DRIVER,DRIVER LICENSE
15208505,1,Y,1,DRIVER,DRIVER LICENSE
15171962,1,Y,1,DRIVER,DRIVER LICENSE
15258420,1,Y,1,DRIVER,DRIVER LICENSE
15145689,1,Y,1,DRIVER,DRIVER LICENSE
15154443,1,Y,1,DRIVER,DRIVER LICENSE
15164174,1,Y,1,DRIVER,DRIVER LICENSE
15151216,2,Y,1,DRIVER,DRIVER LICENSE
15163479,1,Y,1,DRIVER,DRIVER LICENSE
15188037,1,Y,1,DRIVER,DRIVER LICENSE
15190936,1,Y,1,DRIVER,DRIVER LICENSE
15356865,1,Y,1,DRIVER,DRIVER LICENSE
15201421,1,Y,1,DRIVER,DRIVER LICENSE
15159542,1,Y,1,DRIVER,DRIVER LICENSE
15176679,1,Y,1,DRIVER,DRIVER LICENSE
15215787,1,Y,1,DRIVER,DRIVER LICENSE
15178046,1,Y,1,DRIVER,DRIVER LICENSE
15183009,1,Y,1,DRIVER,DRIVER LICENSE
15153768,2,Y,1,DRIVER,COMMERCIAL DRIVER LIC.
15239699,1,Y,1,DRIVER,DRIVER LICENSE
15193548,1,Y,1,DRIVER,DRIVER LICENSE
15223368,1,Y,1,DRIVER,DRIVER LICENSE
15171481,1,Y,1,DRIVER,DRIVER LICENSE
15160036,1,Y,1,DRIVER,DRIVER LICENSE
15191186,1,Y,1,DRIVER,DRIVER LICENSE
15199170,1,Y,1,DRIVER,DRIVER LICENSE
15208032,1,Y,1,DRIVER,DRIVER LICENSE
15157789,1,Y,1,DRIVER,DRIVER LICENSE
15193658,1,Y,1,DRIVER,DRIVER LICENSE
15204778,2,Y,1,DRIVER,DRIVER LICENSE
15151678,2,Y,1,DRIVER,DRIVER LICENSE
15195068,1,Y,1,DRIVER,DRIVER LICENSE
15212468,1,Y,1,DRIVER,DRIVER LICENSE
15163007,1,Y,1,DRIVER,DRIVER LICENSE
15150255,1,Y,1,DRIVER,DRIVER LICENSE
15256561,1,Y,1,DRIVER,DRIVER LICENSE
15193603,1,Y,1,DRIVER,DRIVER LICENSE
15213952,1,Y,1,DRIVER,DRIVER LICENSE
15208570,1,Y,1,DRIVER,DRIVER LICENSE
15204115,1,Y,1,DRIVER,DRIVER LICENSE
15209893,1,Y,1,DRIVER,DRIVER LICENSE
15216089,1,Y,1,DRIVER,DRIVER LICENSE
15178937,1,Y,1,DRIVER,DRIVER LICENSE
15175699,1,Y,1,DRIVER,DRIVER LICENSE
15185102,1,Y,1,DRIVER,DRIVER LICENSE
15158994,1,Y,1,DRIVER,DRIVER LICENSE
15164072,1,Y,1,DRIVER,DRIVER LICENSE
15165645,1,Y,1,DRIVER,DRIVER LICENSE
15169520,1,Y,1,DRIVER,DRIVER LICENSE
15174066,1,Y,1,DRIVER,DRIVER LICENSE
15147514,1,Y,1,DRIVER,DRIVER LICENSE
15179158,1,Y,1,DRIVER,DRIVER LICENSE
15199902,1,Y,1,DRIVER,DRIVER LICENSE
15212294,1,Y,1,DRIVER,DRIVER LICENSE
15146150,1,Y,1,DRIVER,DRIVER LICENSE
15148452,1,Y,1,DRIVER,DRIVER LICENSE
15164359,1,Y,1,DRIVER,DRIVER LICENSE
15154574,1,Y,1,DRIVER,DRIVER LICENSE
15193802,1,Y,1,DRIVER,DRIVER LICENSE
15216957,1,Y,1,DRIVER,DRIVER LICENSE
15187376,1,Y,1,DRIVER,DRIVER LICENSE
15158996,1,Y,1,DRIVER,DRIVER LICENSE
15191592,1,Y,1,DRIVER,DRIVER LICENSE
15195750,2,Y,1,DRIVER,DRIVER LICENSE
15183213,2,Y,1,DRIVER,DRIVER LICENSE
15188811,2,Y,1,DRIVER,DRIVER LICENSE
15152122,1,Y,1,DRIVER,DRIVER LICENSE
15158332,1,Y,1,DRIVER,DRIVER LICENSE
15189886,1,Y,1,DRIVER,DRIVER LICENSE
15199198,1,Y,1,DRIVER,DRIVER LICENSE
15204201,1,Y,1,DRIVER,DRIVER LICENSE
15206069,1,Y,1,DRIVER,DRIVER LICENSE
15186741,1,Y,1,DRIVER,DRIVER LICENSE
15182133,1,Y,1,DRIVER,DRIVER LICENSE
15205015,1,Y,1,DRIVER,DRIVER LICENSE
15182609,1,Y,1,DRIVER,DRIVER LICENSE
15164463,1,Y,1,DRIVER,DRIVER LICENSE
15157279,1,Y,1,DRIVER,DRIVER LICENSE
15214573,2,Y,1,DRIVER,DRIVER LICENSE
15216671,1,Y,1,DRIVER,DRIVER LICENSE
15157959,1,Y,1,DRIVER,DRIVER LICENSE
15219570,1,Y,1,DRIVER,DRIVER LICENSE
15156871,1,Y,1,DRIVER,DRIVER LICENSE
15200202,1,Y,1,DRIVER,DRIVER LICENSE
15180741,1,Y,1,DRIVER,DRIVER LICENSE
15157824,1,Y,1,DRIVER,DRIVER LICENSE
15147730,2,Y,1,DRIVER,DRIVER LICENSE
15163977,1,Y,1,DRIVER,DRIVER LICENSE
15170141,1,Y,1,DRIVER,COMMERCIAL DRIVER LIC.
15178399,1,Y,1,DRIVER,DRIVER LICENSE
15208599,1,Y,1,DRIVER,DRIVER LICENSE
15217740,1,Y,1,DRIVER,DRIVER LICENSE
15214410,1,Y,1,DRIVER,DRIVER LICENSE
15174570,1,Y,1,DRIVER,DRIVER LICENSE
15174987,1,Y,1,DRIVER,COMMERCIAL DRIVER LIC.
15188655,1,Y,1,DRIVER,DRIVER LICENSE
15196866,1,Y,1,DRIVER,COMMERCIAL DRIVER LIC.
15150167,1,Y,1,DRIVER,DRIVER LICENSE
15163122,1,Y,1,DRIVER,DRIVER LICENSE
15198995,1,Y,1,DRIVER,DRIVER LICENSE
15167376,1,Y,1,DRIVER,DRIVER LICENSE
15195614,1,Y,1,DRIVER,DRIVER LICENSE
15183386,1,Y,1,DRIVER,DRIVER LICENSE
15206094,1,Y,1,DRIVER,DRIVER LICENSE
15212974,1,Y,1,DRIVER,DRIVER LICENSE
15152314,1,Y,1,DRIVER,DRIVER LICENSE
15192614,1,Y,1,DRIVER,DRIVER LICENSE
15193820,1,Y,1,DRIVER,DRIVER LICENSE
15202122,1,Y,1,DRIVER,DRIVER LICENSE
15206445,1,Y,1,DRIVER,DRIVER LICENSE
15208427,4,Y,1,DRIVER,DRIVER LICENSE
15145945,1,Y,1,DRIVER,DRIVER LICENSE
15185017,1,Y,1,DRIVER,DRIVER LICENSE
15176387,1,Y,1,DRIVER,DRIVER LICENSE
15199575,1,Y,1,DRIVER,COMMERCIAL DRIVER LIC.
15191638,1,Y,1,DRIVER,DRIVER LICENSE
15208169,1,Y,1,DRIVER,DRIVER LICENSE
15201619,1,Y,1,DRIVER,DRIVER LICENSE
15159144,1,Y,1,DRIVER,DRIVER LICENSE
15164230,1,Y,1,DRIVER,DRIVER LICENSE
15173539,1,Y,1,DRIVER,DRIVER LICENSE
15183317,1,Y,1,DRIVER,DRIVER LICENSE
15199179,1,Y,1,DRIVER,DRIVER LICENSE
15183451,1,Y,1,DRIVER,DRIVER LICENSE
15165867,1,Y,1,DRIVER,DRIVER LICENSE
15211582,2,Y,1,DRIVER,DRIVER LICENSE
15151216,1,Y,1,DRIVER,DRIVER LICENSE
15213079,1,Y,1,DRIVER,DRIVER LICENSE
15147176,1,Y,1,DRIVER,DRIVER LICENSE
15162715,1,Y,1,DRIVER,DRIVER LICENSE
15168165,1,Y,1,DRIVER,DRIVER LICENSE
15190105,2,Y,1,DRIVER,DRIVER LICENSE
15152222,2,Y,1,DRIVER,DRIVER LICENSE
15189108,1,Y,1,DRIVER,DRIVER LICENSE
15199504,2,Y,1,DRIVER,DRIVER LICENSE
15162593,1,Y,1,DRIVER,DRIVER LICENSE
15155896,1,Y,1,DRIVER,DRIVER LICENSE
15206729,1,Y,1,DRIVER,DRIVER LICENSE
15197999,1,Y,1,DRIVER,DRIVER LICENSE
15161507,2,Y,1,DRIVER,DRIVER LICENSE
15164206,1,Y,1,DRIVER OF MOTORCYCLE TYPE VEHICLE,DRIVER LICENSE
15189258,1,Y,1,DRIVER,DRIVER LICENSE
15213400,1,Y,1,DRIVER,DRIVER LICENSE
15153804,1,Y,1,DRIVER,DRIVER LICENSE
15169519,1,Y,1,DRIVER,DRIVER LICENSE
15172104,1,Y,1,DRIVER,DRIVER LICENSE
15185909,1,Y,1,DRIVER,DRIVER LICENSE
15191850,1,Y,1,DRIVER,DRIVER LICENSE
15266317,1,Y,1,DRIVER,DRIVER LICENSE
15279848,1,Y,1,DRIVER,DRIVER LICENSE
15289656,1,Y,1,DRIVER,DRIVER LICENSE
15220511,1,Y,1,DRIVER,DRIVER LICENSE
15248908,1,Y,1,DRIVER,DRIVER LICENSE
15267960,1,Y,1,DRIVER,DRIVER LICENSE
15268452,1,Y,1,DRIVER,DRIVER LICENSE
15312297,1,Y,1,DRIVER,DRIVER LICENSE
15355371,1,Y,1,DRIVER,DRIVER LICENSE
15262901,1,Y,1,DRIVER,DRIVER LICENSE
15299295,1,Y,1,DRIVER,DRIVER LICENSE
15279375,1,Y,1,DRIVER,DRIVER LICENSE
15289409,1,Y,1,DRIVER,DRIVER LICENSE
15284901,1,Y,1,DRIVER,DRIVER LICENSE
15272529,1,Y,1,DRIVER,DRIVER LICENSE
15276869,1,Y,1,DRIVER,DRIVER LICENSE
15292911,1,Y,1,DRIVER,DRIVER LICENSE
15295414,1,Y,1,DRIVER,DRIVER LICENSE
15220667,1,Y,1,DRIVER,DRIVER LICENSE
15283987,1,Y,1,DRIVER,DRIVER LICENSE
15308199,2,Y,1,DRIVER,COMMERCIAL DRIVER LIC.
15246884,1,Y,1,DRIVER,DRIVER LICENSE
15253996,1,Y,1,DRIVER,DRIVER LICENSE
15255925,1,Y,1,DRIVER,DRIVER LICENSE
15241286,1,Y,1,DRIVER,DRIVER LICENSE
15230881,1,Y,1,DRIVER,DRIVER LICENSE
15245973,1,Y,1,DRIVER,DRIVER LICENSE
15297160,1,Y,1,DRIVER,DRIVER LICENSE
15295653,1,Y,1,DRIVER,DRIVER LICENSE
15231938,1,Y,1,DRIVER,DRIVER LICENSE
15246405,1,Y,1,DRIVER,DRIVER LICENSE
15260709,1,Y,1,DRIVER,DRIVER LICENSE
15285766,1,Y,1,DRIVER,DRIVER LICENSE
15234146,1,Y,1,DRIVER,DRIVER LICENSE
15245415,1,Y,1,DRIVER,DRIVER LICENSE
15257817,1,Y,1,DRIVER,DRIVER LICENSE
15263964,1,Y,1,DRIVER,DRIVER LICENSE
15225990,1,Y,1,DRIVER,DRIVER LICENSE
15235692,1,Y,1,DRIVER,DRIVER LICENSE
15272303,1,Y,1,DRIVER,DRIVER LICENSE
15272149,1,Y,1,DRIVER,DRIVER LICENSE
15296778,1,Y,1,DRIVER,DRIVER LICENSE
15219864,1,Y,1,DRIVER,DRIVER LICENSE
15246230,1,Y,1,DRIVER,DRIVER LICENSE
15268288,1,Y,1,DRIVER,DRIVER LICENSE
15274748,1,Y,1,DRIVER,DRIVER LICENSE
15290383,1,Y,1,DRIVER,DRIVER LICENSE
15223129,1,Y,1,DRIVER,DRIVER LICENSE
15225926,1,Y,1,DRIVER,DRIVER LICENSE
15269424,1,Y,1,DRIVER,DRIVER LICENSE
15304603,1,Y,1,DRIVER,DRIVER LICENSE
15223234,1,Y,1,DRIVER,COMMERCIAL DRIVER LIC.
15271846,1,Y,1,DRIVER,DRIVER LICENSE
15256062,1,Y,1,DRIVER,DRIVER LICENSE
15270485,1,Y,1,DRIVER,DRIVER LICENSE
15278496,1,Y,1,DRIVER,DRIVER LICENSE
15238312,1,Y,1,DRIVER,DRIVER LICENSE
15279038,1,Y,1,DRIVER,DRIVER LICENSE
15226068,1,Y,1,DRIVER,DRIVER LICENSE
15285628,1,Y,1,DRIVER,DRIVER LICENSE
15245292,1,Y,1,DRIVER,DRIVER LICENSE
15258548,1,Y,1,DRIVER,DRIVER LICENSE
15310151,1,Y,1,DRIVER,DRIVER LICENSE
15243877,1,Y,1,DRIVER,DRIVER LICENSE
15262141,1,Y,1,DRIVER,DRIVER LICENSE
15273114,1,Y,1,DRIVER,DRIVER LICENSE
15272391,1,Y,1,DRIVER,DRIVER LICENSE
15293786,1,Y,1,DRIVER,DRIVER LICENSE
15238320,1,Y,1,DRIVER,DRIVER LICENSE
15245551,2,Y,1,DRIVER,DRIVER LICENSE
15358720,1,Y,1,DRIVER,DRIVER LICENSE
15311958,1,Y,1,DRIVER,DRIVER LICENSE
15266361,2,Y,1,DRIVER,DRIVER LICENSE
15266797,1,Y,1,DRIVER,DRIVER LICENSE
15297148,1,Y,1,DRIVER,DRIVER LICENSE
15251209,1,Y,1,DRIVER,DRIVER LICENSE
15270954,1,Y,1,DRIVER,DRIVER LICENSE
15275675,1,Y,1,DRIVER,DRIVER LICENSE
15291606,1,Y,1,DRIVER,DRIVER LICENSE
15270140,2,Y,1,DRIVER,DRIVER LICENSE
15263161,1,Y,1,DRIVER,DRIVER LICENSE
15306925,1,Y,1,DRIVER,DRIVER LICENSE
15247018,2,Y,1,DRIVER,DRIVER LICENSE
15257084,1,Y,1,DRIVER,DRIVER LICENSE
15240815,3,Y,1,DRIVER,DRIVER LICENSE
15270299,1,Y,1,DRIVER,DRIVER LICENSE
15289583,1,Y,1,DRIVER,DRIVER LICENSE
15256134,1,Y,1,DRIVER,DRIVER LICENSE
15276815,1,Y,1,DRIVER,DRIVER LICENSE
15258623,1,Y,1,DRIVER,DRIVER LICENSE
15287849,1,Y,1,DRIVER,DRIVER LICENSE
15243317,1,Y,1,DRIVER,DRIVER LICENSE
15307970,1,Y,1,DRIVER,DRIVER LICENSE
15289656,3,Y,1,DRIVER,DRIVER LICENSE
15229779,1,Y,1,DRIVER,DRIVER LICENSE
15332051,1,Y,1,DRIVER,DRIVER LICENSE
15311707,1,Y,1,DRIVER,DRIVER LICENSE
15240699,1,Y,1,DRIVER,DRIVER LICENSE
15262421,1,Y,1,DRIVER,COMMERCIAL DRIVER LIC.
15351316,1,Y,1,DRIVER,DRIVER LICENSE
15232136,1,Y,1,DRIVER,COMMERCIAL DRIVER LIC.
15239089,1,Y,1,DRIVER,DRIVER LICENSE
15305344,1,Y,1,DRIVER,DRIVER LICENSE
15300095,1,Y,1,DRIVER,COMMERCIAL DRIVER LIC.
15230210,1,Y,1,DRIVER,DRIVER LICENSE
15266666,1,Y,1,DRIVER,DRIVER LICENSE
15289656,2,Y,1,DRIVER,DRIVER LICENSE
15221866,1,Y,1,DRIVER,DRIVER LICENSE
15240271,1,Y,1,DRIVER,DRIVER LICENSE
15240521,2,Y,1,DRIVER,COMMERCIAL DRIVER LIC.
15297602,1,Y,1,DRIVER,DRIVER LICENSE
15268646,1,Y,1,DRIVER,DRIVER LICENSE
15235241,1,Y,1,DRIVER,DRIVER LICENSE
15222105,1,Y,1,DRIVER,DRIVER LICENSE
15258455,1,Y,1,DRIVER,DRIVER LICENSE
15223125,1,Y,1,DRIVER,DRIVER LICENSE
15241256,1,Y,1,DRIVER,DRIVER LICENSE
15302674,1,Y,1,DRIVER,DRIVER LICENSE
15269903,1,Y,1,DRIVER,DRIVER LICENSE
15250875,1,Y,1,DRIVER,DRIVER LICENSE
15256349,1,Y,1,DRIVER,DRIVER LICENSE
15281220,1,Y,1,DRIVER,DRIVER LICENSE
15219979,1,Y,1,DRIVER,DRIVER LICENSE
15259635,1,Y,1,DRIVER,OCCUPATIONAL
15262372,1,Y,1,DRIVER,DRIVER LICENSE
15228484,1,Y,1,DRIVER,DRIVER LICENSE
15241316,1,Y,1,DRIVER,DRIVER LICENSE
15258564,1,Y,1,DRIVER,DRIVER LICENSE
15308190,1,Y,1,DRIVER,DRIVER LICENSE
15237671,2,Y,1,DRIVER,DRIVER LICENSE
15299725,1,Y,1,DRIVER,DRIVER LICENSE
15261836,1,Y,1,DRIVER,DRIVER LICENSE
15225504,1,Y,1,DRIVER,DRIVER LICENSE
15241907,2,Y,1,DRIVER,DRIVER LICENSE
15258501,1,Y,1,DRIVER,DRIVER LICENSE
15288608,1,Y,1,DRIVER,DRIVER LICENSE
15299905,1,Y,1,DRIVER,DRIVER LICENSE
15237668,1,Y,1,DRIVER,DRIVER LICENSE
15252861,1,Y,1,DRIVER,DRIVER LICENSE
15229149,1,Y,1,DRIVER,DRIVER LICENSE
15230762,1,Y,1,DRIVER,DRIVER LICENSE
15268996,1,Y,1,DRIVER,DRIVER LICENSE
15305163,1,Y,1,DRIVER,DRIVER LICENSE
15262184,1,Y,1,DRIVER,DRIVER LICENSE
15254580,1,Y,1,DRIVER,DRIVER LICENSE
15272069,1,Y,1,DRIVER,DRIVER LICENSE
15240993,1,Y,1,DRIVER,DRIVER LICENSE
15272016,1,Y,1,DRIVER,DRIVER LICENSE
15274784,1,Y,1,DRIVER,DRIVER LICENSE
15279950,1,Y,1,DRIVER,DRIVER LICENSE
15239058,1,Y,1,DRIVER,DRIVER LICENSE
15267707,1,Y,1,DRIVER,DRIVER LICENSE
15295838,1,Y,1,DRIVER,DRIVER LICENSE
15433172,1,Y,1,DRIVER,DRIVER LICENSE
15295193,1,Y,1,DRIVER,DRIVER LICENSE
15296737,1,Y,1,DRIVER,DRIVER LICENSE
15239919,2,Y,1,DRIVER,COMMERCIAL DRIVER LIC.
15245309,1,Y,1,DRIVER,DRIVER LICENSE
15413764,1,Y,1,DRIVER,DRIVER LICENSE
15302259,1,Y,1,DRIVER,DRIVER LICENSE
15234658,2,Y,1,DRIVER,DRIVER LICENSE
15221661,1,Y,1,DRIVER,DRIVER LICENSE
15274784,2,Y,1,DRIVER,DRIVER LICENSE
15308285,1,Y,1,DRIVER,DRIVER LICENSE
15233750,1,Y,1,DRIVER,DRIVER LICENSE
15305238,1,Y,1,DRIVER,DRIVER LICENSE
15312286,1,Y,1,DRIVER,DRIVER LICENSE
15247018,3,Y,1,DRIVER,DRIVER LICENSE
15249649,1,Y,1,DRIVER,DRIVER LICENSE
15253996,2,Y,1,DRIVER,DRIVER LICENSE
15305022,1,Y,1,DRIVER,DRIVER LICENSE
15222203,1,Y,1,DRIVER,DRIVER LICENSE
15277286,1,Y,1,DRIVER,DRIVER LICENSE
15243489,1,Y,1,DRIVER,DRIVER LICENSE
15246397,1,Y,1,DRIVER,DRIVER LICENSE
15273397,1,Y,1,DRIVER,DRIVER LICENSE
15239919,1,Y,1,DRIVER,DRIVER LICENSE
15229967,1,Y,1,DRIVER,DRIVER LICENSE
15233628,1,Y,1,DRIVER,DRIVER LICENSE
15228253,2,Y,1,DRIVER,DRIVER LICENSE
15221385,1,Y,1,DRIVER,DRIVER LICENSE
15236275,1,Y,1,DRIVER,COMMERCIAL DRIVER LIC.
15237671,3,Y,1,DRIVER,DRIVER LICENSE
15247298,1,Y,1,DRIVER,DRIVER LICENSE
15298142,1,Y,1,DRIVER,DRIVER LICENSE
15252700,2,Y,1,DRIVER,DRIVER LICENSE
15275746,2,Y,1,DRIVER,DRIVER LICENSE
15316035,2,Y,1,DRIVER,COMMERCIAL DRIVER LIC.
15296394,1,Y,1,DRIVER,DRIVER LICENSE
15236500,1,Y,1,DRIVER,DRIVER LICENSE
15294522,1,Y,1,DRIVER,DRIVER LICENSE
15266666,2,Y,1,DRIVER,DRIVER LICENSE
15230374,2,Y,1,DRIVER,DRIVER LICENSE
15290323,1,Y,1,DRIVER,DRIVER LICENSE
15290383,2,Y,1,DRIVER,DRIVER LICENSE
15281792,1,Y,1,DRIVER,DRIVER LICENSE
15287936,1,Y,1,DRIVER,DRIVER LICENSE
15235550,2,Y,1,DRIVER,DRIVER LICENSE
15273065,1,Y,1,DRIVER,COMMERCIAL DRIVER LIC.
15304958,1,Y,1,DRIVER,DRIVER LICENSE
15280992,1,Y,1,DRIVER,DRIVER LICENSE
15250064,1,Y,1,DRIVER,DRIVER LICENSE
15276721,1,Y,1,DRIVER,DRIVER LICENSE
15240815,1,Y,1,DRIVER,DRIVER LICENSE
15258464,1,Y,1,DRIVER,DRIVER LICENSE
15258741,1,Y,1,DRIVER,DRIVER LICENSE
15266139,2,Y,1,DRIVER,DRIVER LICENSE
15237121,1,Y,1,DRIVER,DRIVER LICENSE
15273462,1,Y,1,DRIVER,DRIVER LICENSE
15227037,1,Y,1,DRIVER,DRIVER LICENSE
15226381,1,Y,1,DRIVER,DRIVER LICENSE
15262968,1,Y,1,DRIVER,DRIVER LICENSE
15308775,1,Y,1,DRIVER,DRIVER LICENSE
15230259,1,Y,1,DRIVER,DRIVER LICENSE
15244896,1,Y,1,DRIVER,DRIVER LICENSE
15245286,1,Y,1,DRIVER,DRIVER LICENSE
15265374,1,Y,1,DRIVER,DRIVER LICENSE
15227303,1,Y,1,DRIVER,DRIVER LICENSE
15232297,1,Y,1,DRIVER,DRIVER LICENSE
15280709,1,Y,1,DRIVER,DRIVER LICENSE
15274796,1,Y,1,DRIVER,DRIVER LICENSE
15275746,1,Y,1,DRIVER,DRIVER LICENSE
15226180,1,Y,1,DRIVER,DRIVER LICENSE
15255012,1,Y,1,DRIVER,DRIVER LICENSE
15219459,1,Y,1,DRIVER,DRIVER LICENSE
15236904,1,Y,1,DRIVER,DRIVER LICENSE
15250296,1,Y,1,DRIVER,DRIVER LICENSE
15267236,1,Y,1,DRIVER,DRIVER LICENSE
15271541,1,Y,1,DRIVER,DRIVER LICENSE
15275646,1,Y,1,DRIVER,DRIVER LICENSE
15221082,1,Y,1,DRIVER,DRIVER LICENSE
15252948,1,Y,1,DRIVER,DRIVER LICENSE
15288419,1,Y,1,DRIVER,DRIVER LICENSE
15229973,1,Y,1,DRIVER,DRIVER LICENSE
15241688,1,Y,1,DRIVER,DRIVER LICENSE
15250720,1,Y,1,DRIVER,DRIVER LICENSE
15320692,1,Y,1,DRIVER,DRIVER LICENSE
15263326,1,Y,1,DRIVER,COMMERCIAL DRIVER LIC.
15241992,1,Y,1,DRIVER,DRIVER LICENSE
15260675,1,Y,1,DRIVER,DRIVER LICENSE
15264776,1,Y,1,DRIVER,DRIVER LICENSE
15238207,1,Y,1,DRIVER,DRIVER LICENSE
15232514,1,Y,1,DRIVER,COMMERCIAL DRIVER LIC.
15274262,1,Y,1,DRIVER,DRIVER LICENSE
15283736,1,Y,1,DRIVER,DRIVER LICENSE
15273118,1,Y,1,DRIVER,DRIVER LICENSE
15297624,2,Y,1,DRIVER,DRIVER LICENSE
15281626,1,Y,1,DRIVER,DRIVER LICENSE
15240656,1,Y,1,DRIVER,DRIVER LICENSE
15273272,1,Y,1,DRIVER,DRIVER LICENSE
15241441,1,Y,1,DRIVER,DRIVER LICENSE
15248500,2,Y,1,DRIVER,DRIVER LICENSE
15284133,1,Y,1,DRIVER,DRIVER LICENSE
15224888,1,Y,1,DRIVER,DRIVER LICENSE
15270140,1,Y,1,DRIVER,DRIVER LICENSE
15281780,1,Y,1,DRIVER,DRIVER LICENSE
15249410,1,Y,1,DRIVER,DRIVER LICENSE
15313154,1,Y,1,DRIVER,DRIVER LICENSE
15258542,1,Y,1,DRIVER,DRIVER LICENSE
15277022,1,Y,1,DRIVER,DRIVER LICENSE
15255990,1,Y,1,DRIVER,DRIVER LICENSE
15306020,1,Y,1,DRIVER,DRIVER LICENSE
15254378,1,Y,1,DRIVER,DRIVER LICENSE
15266957,1,Y,1,DRIVER,DRIVER LICENSE
15268288,2,Y,1,DRIVER,DRIVER LICENSE
15251273,1,Y,1,DRIVER,DRIVER LICENSE
15271987,2,Y,1,DRIVER,DRIVER LICENSE
15308199,1,Y,1,DRIVER,DRIVER LICENSE
15224698,1,Y,1,DRIVER,DRIVER LICENSE
15303834,2,Y,1,DRIVER,DRIVER LICENSE
15248500,1,Y,1,DRIVER,DRIVER LICENSE
15262256,1,Y,1,DRIVER,DRIVER LICENSE
15295980,1,Y,1,DRIVER,DRIVER LICENSE
15227675,1,Y,1,DRIVER,DRIVER LICENSE
15277510,1,Y,1,DRIVER,DRIVER LICENSE
15229623,1,Y,1,DRIVER,DRIVER LICENSE
15246720,1,Y,1,DRIVER,DRIVER LICENSE
15231678,1,Y,1,DRIVER,DRIVER LICENSE
15221249,1,Y,1,DRIVER,DRIVER LICENSE
15277672,1,Y,1,DRIVER,DRIVER LICENSE
15224801,1,Y,1,DRIVER,DRIVER LICENSE
15266678,1,Y,1,DRIVER,DRIVER LICENSE
15300840,1,Y,1,DRIVER,DRIVER LICENSE
15231100,1,Y,1,DRIVER,DRIVER LICENSE
15241052,1,Y,1,DRIVER,DRIVER LICENSE
15235550,1,Y,1,DRIVER,DRIVER LICENSE
15220749,1,Y,1,DRIVER,COMMERCIAL DRIVER LIC.
15297866,1,Y,1,DRIVER,DRIVER LICENSE
15231037,1,Y,1,DRIVER,COMMERCIAL DRIVER LIC.
15272571,1,Y,1,DRIVER,DRIVER LICENSE
15221092,1,Y,1,DRIVER,DRIVER LICENSE
15338342,1,Y,1,DRIVER,DRIVER LICENSE
15255559,1,Y,1,DRIVER,DRIVER LICENSE
15240627,1,Y,1,DRIVER,COMMERCIAL DRIVER LIC.
15406722,1,Y,1,DRIVER,DRIVER LICENSE
15225610,2,Y,1,DRIVER,DRIVER LICENSE
15229149,2,Y,1,DRIVER,DRIVER LICENSE
15252845,1,Y,1,DRIVER,DRIVER LICENSE
15272442,1,Y,1,DRIVER,DRIVER LICENSE
15256645,1,Y,1,DRIVER,DRIVER LICENSE
15266134,2,Y,1,DRIVER,DRIVER LICENSE
15242549,1,Y,1,DRIVER,DRIVER LICENSE
15225610,3,Y,1,DRIVER,DRIVER LICENSE
15236793,1,Y,1,DRIVER,DRIVER LICENSE
15248150,1,Y,1,DRIVER,DRIVER LICENSE
15294850,1,Y,1,DRIVER,DRIVER LICENSE
15345494,1,Y,1,DRIVER,DRIVER LICENSE
15481972,1,Y,1,DRIVER,DRIVER LICENSE
15380121,1,Y,1,DRIVER,DRIVER LICENSE
15421776,1,Y,1,DRIVER,DRIVER LICENSE
15347975,2,Y,1,DRIVER,DRIVER LICENSE
15437951,2,Y,1,DRIVER,DRIVER LICENSE
15318723,2,Y,1,DRIVER,DRIVER LICENSE
15529948,1,Y,1,DRIVER,COMMERCIAL DRIVER LIC.
15465243,1,Y,1,DRIVER,DRIVER LICENSE
15331208,1,Y,1,DRIVER,DRIVER LICENSE
15335446,1,Y,1,DRIVER,DRIVER LICENSE
15364029,2,Y,1,DRIVER,DRIVER LICENSE
15444266,2,Y,1,DRIVER,DRIVER LICENSE
15420910,1,Y,1,DRIVER,DRIVER LICENSE
15450483,2,Y,1,DRIVER,DRIVER LICENSE
15456689,1,Y,1,DRIVER,COMMERCIAL DRIVER LIC.
15339215,3,Y,1,DRIVER,DRIVER LICENSE
15371837,2,Y,1,DRIVER,DRIVER LICENSE
15456392,1,Y,1,DRIVER,DRIVER LICENSE
15490326,1,Y,1,DRIVER,DRIVER LICENSE
15413553,1,Y,1,DRIVER,DRIVER LICENSE
15392039,1,Y,1,DRIVER,DRIVER LICENSE
15365234,1,Y,1,DRIVER,DRIVER LICENSE
15391703,1,Y,1,DRIVER,DRIVER LICENSE
15410100,1,Y,1,DRIVER,DRIVER LICENSE
15419548,1,Y,1,DRIVER,DRIVER LICENSE
15404804,1,Y,1,DRIVER,DRIVER LICENSE
15316619,1,Y,1,DRIVER,DRIVER LICENSE
15365103,2,Y,1,DRIVER,DRIVER LICENSE
15383288,1,Y,1,DRIVER,DRIVER LICENSE
15324745,1,Y,1,DRIVER,COMMERCIAL DRIVER LIC.
15343226,1,Y,1,DRIVER,DRIVER LICENSE
15413821,1,Y,1,DRIVER,DRIVER LICENSE
15448787,1,Y,1,DRIVER,DRIVER LICENSE
15468408,1,Y,1,DRIVER,DRIVER LICENSE
15480427,1,Y,1,DRIVER,DRIVER LICENSE
15364029,6,Y,1,DRIVER,DRIVER LICENSE
15364029,1,Y,1,DRIVER,DRIVER LICENSE
15477990,1,Y,1,DRIVER,DRIVER LICENSE
15391672,1,Y,1,DRIVER,DRIVER LICENSE
15397634,1,Y,1,DRIVER,DRIVER LICENSE
15403219,1,Y,1,DRIVER,DRIVER LICENSE
15380478,1,Y,1,DRIVER,DRIVER LICENSE
15394359,1,Y,1,DRIVER,DRIVER LICENSE
15320312,1,Y,1,DRIVER,DRIVER LICENSE
15443757,1,Y,1,DRIVER,DRIVER LICENSE
15451389,2,Y,1,DRIVER,DRIVER LICENSE
15424682,1,Y,1,DRIVER,DRIVER LICENSE
15326320,2,Y,1,DRIVER,DRIVER LICENSE
15356405,1,Y,1,DRIVER,DRIVER LICENSE
15378012,1,Y,1,DRIVER,DRIVER LICENSE
15437188,1,Y,1,DRIVER,DRIVER LICENSE
15437807,1,Y,1,DRIVER,DRIVER LICENSE
15455945,1,Y,1,DRIVER,DRIVER LICENSE
15450483,1,Y,1,DRIVER,DRIVER LICENSE
15403575,1,Y,1,DRIVER,DRIVER LICENSE
15465355,1,Y,1,DRIVER,DRIVER LICENSE
15339214,1,Y,1,DRIVER,COMMERCIAL DRIVER LIC.
15385295,2,Y,1,DRIVER,DRIVER LICENSE
15392924,1,Y,1,DRIVER,DRIVER LICENSE
15471725,1,Y,1,DRIVER,DRIVER LICENSE
15345553,1,Y,1,DRIVER,DRIVER LICENSE
15422633,1,Y,1,DRIVER,DRIVER LICENSE
15434875,1,Y,1,DRIVER,DRIVER LICENSE
15397634,2,Y,1,DRIVER,DRIVER LICENSE
15405041,1,Y,1,DRIVER,DRIVER LICENSE
15314706,1,Y,1,DRIVER,DRIVER LICENSE
15348710,1,Y,1,DRIVER,DRIVER LICENSE
15433985,1,Y,1,DRIVER,DRIVER LICENSE
15385311,4,Y,1,DRIVER,DRIVER LICENSE
15461190,1,Y,1,DRIVER,DRIVER LICENSE
15469660,1,Y,1,DRIVER,DRIVER LICENSE
15317171,1,Y,1,DRIVER,DRIVER LICENSE
15385635,1,Y,1,DRIVER,DRIVER LICENSE
15479293,1,Y,1,DRIVER,DRIVER LICENSE
15346027,1,Y,1,DRIVER,DRIVER LICENSE
15455905,1,Y,1,DRIVER,DRIVER LICENSE
15485690,1,Y,1,DRIVER,DRIVER LICENSE
15334333,1,Y,1,DRIVER,DRIVER LICENSE
15358150,1,Y,1,DRIVER,DRIVER LICENSE
15433236,1,Y,1,DRIVER,DRIVER LICENSE
15442969,1,Y,1,DRIVER,DRIVER LICENSE
15372970,1,Y,1,DRIVER,DRIVER LICENSE
15391790,1,Y,1,DRIVER,DRIVER LICENSE
15335157,1,Y,1,DRIVER,DRIVER LICENSE
15365580,2,Y,1,DRIVER,DRIVER LICENSE
15353548,2,Y,1,DRIVER,DRIVER LICENSE
15328107,1,Y,1,DRIVER,DRIVER LICENSE
15376380,1,Y,1,DRIVER,DRIVER LICENSE
15434865,3,Y,1,DRIVER,DRIVER LICENSE
15325075,1,Y,1,DRIVER,DRIVER LICENSE
15408858,1,Y,1,DRIVER,DRIVER LICENSE
15452251,1,Y,1,DRIVER,DRIVER LICENSE
15379036,1,Y,1,DRIVER,DRIVER LICENSE
15387591,1,Y,1,DRIVER,DRIVER LICENSE
15467544,1,Y,1,DRIVER,DRIVER LICENSE
15376939,1,Y,1,DRIVER,DRIVER LICENSE
15418008,1,Y,1,DRIVER,DRIVER LICENSE
15473442,1,Y,1,DRIVER,DRIVER LICENSE
15437171,1,Y,1,DRIVER,DRIVER LICENSE
15478720,1,Y,1,DRIVER,DRIVER LICENSE
15314151,1,Y,1,DRIVER,DRIVER LICENSE
15339764,1,Y,1,DRIVER,DRIVER LICENSE
15346257,1,Y,1,DRIVER,DRIVER LICENSE
15482124,2,Y,1,DRIVER,DRIVER LICENSE
15378298,1,Y,1,DRIVER,DRIVER LICENSE
15472697,1,Y,1,DRIVER,DRIVER LICENSE
15477966,1,Y,1,DRIVER,DRIVER LICENSE
15472254,2,Y,1,DRIVER,DRIVER LICENSE
15440672,1,Y,1,DRIVER,DRIVER LICENSE
15328680,1,Y,1,DRIVER,DRIVER LICENSE
15369052,1,Y,1,DRIVER,DRIVER LICENSE
15406764,1,Y,1,DRIVER,DRIVER LICENSE
15371438,1,Y,1,DRIVER,DRIVER LICENSE
15425805,1,Y,1,DRIVER,DRIVER LICENSE
15403826,1,Y,1,DRIVER,DRIVER LICENSE
15325107,1,Y,1,DRIVER,DRIVER LICENSE
15339255,3,Y,1,DRIVER,DRIVER LICENSE
15330528,1,Y,1,DRIVER,DRIVER LICENSE
15335018,1,Y,1,DRIVER,DRIVER LICENSE
15471601,1,Y,1,DRIVER,DRIVER LICENSE
15344331,1,Y,1,DRIVER,DRIVER LICENSE
15428819,1,Y,1,DRIVER,DRIVER LICENSE
15471728,1,Y,1,DRIVER,DRIVER LICENSE
15373982,1,Y,1,DRIVER,DRIVER LICENSE
15440680,2,Y,1,DRIVER,DRIVER LICENSE
15341760,1,Y,1,DRIVER,DRIVER LICENSE
15378298,2,Y,1,DRIVER,DRIVER LICENSE
15390673,1,Y,1,DRIVER,DRIVER LICENSE
15447320,1,Y,1,DRIVER,DRIVER LICENSE
15357932,1,Y,1,DRIVER,DRIVER LICENSE
15375257,1,Y,1,DRIVER,DRIVER LICENSE
15384699,1,Y,1,DRIVER,DRIVER LICENSE
15446120,1,Y,1,DRIVER,DRIVER LICENSE
15451302,1,Y,1,DRIVER,DRIVER LICENSE
15470438,1,Y,1,DRIVER,DRIVER LICENSE
15391580,1,Y,1,DRIVER,DRIVER LICENSE
15421473,1,Y,1,DRIVER,DRIVER LICENSE
15380331,1,Y,1,DRIVER,DRIVER LICENSE
15328956,1,Y,1,DRIVER,COMMERCIAL DRIVER LIC.
15334385,1,Y,1,DRIVER,DRIVER LICENSE
15600476,1,Y,1,DRIVER,DRIVER LICENSE
15397300,1,Y,1,DRIVER,DRIVER LICENSE
15465877,1,Y,1,DRIVER,DRIVER LICENSE
15338234,1,Y,1,DRIVER,DRIVER LICENSE
15438632,1,Y,1,DRIVER,DRIVER LICENSE
15471568,1,Y,1,DRIVER,DRIVER LICENSE
15447223,1,Y,1,DRIVER,DRIVER LICENSE
15333313,1,Y,1,DRIVER,DRIVER LICENSE
15334869,1,Y,1,DRIVER,DRIVER LICENSE
15339576,1,Y,1,DRIVER,DRIVER LICENSE
15429795,1,Y,1,DRIVER,DRIVER LICENSE
15424080,2,Y,1,DRIVER,DRIVER LICENSE
15431891,1,Y,1,DRIVER,DRIVER LICENSE
15453039,1,Y,1,DRIVER,COMMERCIAL DRIVER LIC.
15458627,2,Y,1,DRIVER,DRIVER LICENSE
15357870,1,Y,1,DRIVER,DRIVER LICENSE
15348343,1,Y,1,DRIVER,DRIVER LICENSE
15357870,2,Y,1,DRIVER,DRIVER LICENSE
15427608,1,Y,1,DRIVER,DRIVER LICENSE
15504126,1,Y,1,DRIVER,DRIVER LICENSE
15336185,1,Y,1,DRIVER,DRIVER LICENSE
15356679,1,Y,1,DRIVER,DRIVER LICENSE
15380080,1,Y,1,DRIVER,COMMERCIAL DRIVER LIC.
15424343,2,Y,1,DRIVER,DRIVER LICENSE
15321380,1,Y,1,DRIVER,DRIVER LICENSE
15347259,1,Y,1,DRIVER,DRIVER LICENSE
15461895,1,Y,1,DRIVER,DRIVER LICENSE
15481113,1,Y,1,DRIVER,DRIVER LICENSE
15363983,1,Y,1,DRIVER,DRIVER LICENSE
15369273,1,Y,1,DRIVER,DRIVER LICENSE
15371269,1,Y,1,DRIVER,DRIVER LICENSE
15372843,1,Y,1,DRIVER,DRIVER LICENSE
15419548,2,Y,1,DRIVER,DRIVER LICENSE
15450300,1,Y,1,DRIVER,DRIVER LICENSE
15394180,1,Y,1,DRIVER,DRIVER LICENSE
15414322,1,Y,1,DRIVER,DRIVER LICENSE
15437507,1,Y,1,DRIVER,DRIVER LICENSE
15318930,1,Y,1,DRIVER,DRIVER LICENSE
15322634,1,Y,1,DRIVER,COMMERCIAL DRIVER LIC.
15360658,1,Y,1,DRIVER,DRIVER LICENSE
15364029,3,Y,1,DRIVER,DRIVER LICENSE
15370738,4,Y,1,DRIVER,DRIVER LICENSE
15485991,1,Y,1,DRIVER,DRIVER LICENSE
15414056,1,Y,1,DRIVER,DRIVER LICENSE
15443467,1,Y,1,DRIVER,DRIVER LICENSE
15444608,1,Y,1,DRIVER,DRIVER LICENSE
15325165,1,Y,1,DRIVER,DRIVER LICENSE
15371195,1,Y,1,DRIVER,DRIVER LICENSE
15363752,1,Y,1,DRIVER,DRIVER LICENSE
15469571,2,Y,1,DRIVER,DRIVER LICENSE
15385295,1,Y,1,DRIVER,DRIVER LICENSE
15344454,2,Y,1,DRIVER,DRIVER LICENSE
15398014,2,Y,1,DRIVER,DRIVER LICENSE
15393146,2,Y,1,DRIVER,DRIVER LICENSE
15443021,1,Y,1,DRIVER,DRIVER LICENSE
15481842,1,Y,1,DRIVER,DRIVER LICENSE
15377497,1,Y,1,DRIVER,DRIVER LICENSE
15396117,1,Y,1,DRIVER,DRIVER LICENSE
15416188,1,Y,1,DRIVER,DRIVER LICENSE
15335675,1,Y,1,DRIVER,DRIVER LICENSE
15339255,4,Y,1,DRIVER,DRIVER LICENSE
15347975,1,Y,1,DRIVER,DRIVER LICENSE
15449341,1,Y,1,DRIVER,DRIVER LICENSE
15459771,1,Y,1,DRIVER,DRIVER LICENSE
15398609,1,Y,1,DRIVER,DRIVER LICENSE
15406768,1,Y,1,DRIVER,DRIVER LICENSE
15439145,1,Y,1,DRIVER,DRIVER LICENSE
15492304,1,Y,1,DRIVER,DRIVER LICENSE
15364586,1,Y,1,DRIVER,DRIVER LICENSE
15398900,1,Y,1,DRIVER,DRIVER LICENSE
15407055,1,Y,1,DRIVER,DRIVER LICENSE
15409545,1,Y,1,DRIVER,DRIVER LICENSE
15320619,1,Y,1,DRIVER,DRIVER LICENSE
15344851,1,Y,1,DRIVER,DRIVER LICENSE
15351982,1,Y,1,DRIVER,DRIVER LICENSE
15364362,1,Y,1,DRIVER,DRIVER LICENSE
15415770,1,Y,1,DRIVER,DRIVER LICENSE
15366182,1,Y,1,DRIVER,DRIVER LICENSE
15378012,2,Y,1,DRIVER,DRIVER LICENSE
15504002,1,Y,1,DRIVER,DRIVER LICENSE
15431841,1,Y,1,DRIVER,DRIVER LICENSE
15451389,1,Y,1,DRIVER,DRIVER LICENSE
15461121,1,Y,1,DRIVER,DRIVER LICENSE
15476623,1,Y,1,DRIVER,DRIVER LICENSE
15424116,1,Y,1,DRIVER,DRIVER LICENSE
15495912,1,Y,1,DRIVER,DRIVER LICENSE
15338010,1,Y,1,DRIVER,DRIVER LICENSE
15462002,1,Y,1,DRIVER,DRIVER LICENSE
15437919,1,Y,1,DRIVER,DRIVER LICENSE
15440278,2,Y,1,DRIVER,DRIVER LICENSE
15391300,1,Y,1,DRIVER,DRIVER LICENSE
15472254,1,Y,1,DRIVER,DRIVER LICENSE
15407765,1,Y,1,DRIVER,DRIVER LICENSE
15477082,1,Y,1,DRIVER,DRIVER LICENSE
15317171,2,Y,1,DRIVER,DRIVER LICENSE
15325252,1,Y,1,DRIVER,DRIVER LICENSE
15385311,5,Y,1,DRIVER,DRIVER LICENSE
15388904,1,Y,1,DRIVER,DRIVER LICENSE
15320338,1,Y,1,DRIVER,DRIVER LICENSE
15400898,1,Y,1,DRIVER,DRIVER LICENSE
15418045,1,Y,1,DRIVER,DRIVER LICENSE
15393784,1,Y,1,DRIVER,DRIVER LICENSE
15341738,1,Y,1,DRIVER,DRIVER LICENSE
15377270,1,Y,1,DRIVER,DRIVER LICENSE
15406208,1,Y,1,DRIVER,DRIVER LICENSE
15476192,1,Y,1,DRIVER,DRIVER LICENSE
15413548,1,Y,1,DRIVER,DRIVER LICENSE
15473635,1,Y,1,DRIVER,DRIVER LICENSE
15414141,1,Y,1,DRIVER,DRIVER LICENSE
15385311,2,Y,1,DRIVER,DRIVER LICENSE
15448647,1,Y,1,DRIVER,DRIVER LICENSE
15448993,1,Y,1,DRIVER,DRIVER LICENSE
15366754,1,Y,1,DRIVER,DRIVER LICENSE
15367355,2,Y,1,DRIVER,DRIVER LICENSE
15385295,3,Y,1,DRIVER,DRIVER LICENSE
15426976,1,Y,1,DRIVER,DRIVER LICENSE
15401712,1,Y,1,DRIVER,DRIVER LICENSE
15477476,1,Y,1,DRIVER,DRIVER LICENSE
15490637,1,Y,1,DRIVER,DRIVER LICENSE
15336554,1,Y,1,DRIVER,DRIVER LICENSE
15449592,1,Y,1,DRIVER,DRIVER LICENSE
15463979,1,Y,1,DRIVER,DRIVER LICENSE
15324075,1,Y,1,DRIVER,DRIVER LICENSE
15412506,2,Y,1,DRIVER,DRIVER LICENSE
15416430,1,Y,1,DRIVER,COMMERCIAL DRIVER LIC.
15459280,1,Y,1,DRIVER,DRIVER LICENSE
15347500,1,Y,1,DRIVER,DRIVER LICENSE
15434071,1,Y,1,DRIVER,DRIVER LICENSE
15401502,1,Y,1,DRIVER,DRIVER LICENSE
15469368,1,Y,1,DRIVER,DRIVER LICENSE
15349298,1,Y,1,DRIVER,DRIVER LICENSE
15477439,1,Y,1,DRIVER,DRIVER LICENSE
15370592,1,Y,1,DRIVER,DRIVER LICENSE
15387113,1,Y,1,DRIVER,DRIVER LICENSE
15456904,2,Y,1,DRIVER,DRIVER LICENSE
15370285,1,Y,1,DRIVER,DRIVER LICENSE
15419474,1,Y,1,DRIVER,DRIVER LICENSE
15333272,1,Y,1,DRIVER,DRIVER LICENSE
15349388,1,Y,1,DRIVER,DRIVER LICENSE
15456529,1,Y,1,DRIVER,DRIVER LICENSE
15465645,1,Y,1,DRIVER,DRIVER LICENSE
15410201,1,Y,1,DRIVER,DRIVER LICENSE
15412600,1,Y,1,DRIVER,DRIVER LICENSE
15433923,1,Y,1,DRIVER,DRIVER LICENSE
15493080,1,Y,1,DRIVER,COMMERCIAL DRIVER LIC.
15364848,1,Y,1,DRIVER,DRIVER LICENSE
15511041,1,Y,1,DRIVER,DRIVER LICENSE
15472350,1,Y,1,DRIVER,DRIVER LICENSE
15473253,1,Y,1,DRIVER,DRIVER LICENSE
15322609,1,Y,1,DRIVER,DRIVER LICENSE
15329489,2,Y,1,DRIVER,DRIVER LICENSE
15444929,1,Y,1,DRIVER,DRIVER LICENSE
15428276,1,Y,1,DRIVER,DRIVER LICENSE
15356748,1,Y,1,DRIVER,DRIVER LICENSE
15400858,1,Y,1,DRIVER,DRIVER LICENSE
15487660,1,Y,1,DRIVER,DRIVER LICENSE
15358348,1,Y,1,DRIVER,DRIVER LICENSE
15443004,1,Y,1,DRIVER,DRIVER LICENSE
15352816,1,Y,1,DRIVER,DRIVER LICENSE
15364029,5,Y,1,DRIVER,DRIVER LICENSE
15322634,3,Y,1,DRIVER,DRIVER LICENSE
15461723,1,Y,1,DRIVER,DRIVER LICENSE
15347701,1,Y,1,DRIVER,DRIVER LICENSE
15369164,1,Y,1,DRIVER,DRIVER LICENSE
15424343,1,Y,1,DRIVER,DRIVER LICENSE
15439144,1,Y,1,DRIVER,DRIVER LICENSE
15448083,1,Y,1,DRIVER,DRIVER LICENSE
15383143,1,Y,1,DRIVER,DRIVER LICENSE
15490509,1,Y,1,DRIVER,DRIVER LICENSE
15493652,1,Y,1,DRIVER,DRIVER LICENSE
15342552,1,Y,1,DRIVER,DRIVER LICENSE
15413684,1,Y,1,DRIVER,DRIVER LICENSE
15465414,1,Y,1,DRIVER,DRIVER LICENSE
15482124,1,Y,1,DRIVER,DRIVER LICENSE
15356748,2,Y,1,DRIVER,DRIVER LICENSE
15363385,1,Y,1,DRIVER,DRIVER LICENSE
15458633,1,Y,1,DRIVER,DRIVER LICENSE
15349926,1,Y,1,DRIVER,DRIVER LICENSE
15449848,2,Y,1,DRIVER,DRIVER LICENSE
15458003,1,Y,1,DRIVER,DRIVER LICENSE
15464383,1,Y,1,DRIVER,DRIVER LICENSE
15317149,2,Y,1,DRIVER,DRIVER LICENSE
15353962,1,Y,1,DRIVER,COMMERCIAL DRIVER LIC.
15383203,1,Y,1,DRIVER,DRIVER LICENSE
15449848,1,Y,1,DRIVER,DRIVER LICENSE
15452343,1,Y,1,DRIVER,DRIVER LICENSE
15461121,3,Y,1,DRIVER,DRIVER LICENSE
15319136,1,Y,1,DRIVER,DRIVER LICENSE
15410473,2,Y,1,DRIVER,DRIVER LICENSE
15317377,1,Y,1,DRIVER,DRIVER LICENSE
15344454,1,Y,1,DRIVER,DRIVER LICENSE
15396595,1,Y,1,DRIVER,DRIVER LICENSE
15339255,1,Y,1,DRIVER,DRIVER LICENSE
15479115,1,Y,1,DRIVER,DRIVER LICENSE
15366615,1,Y,1,DRIVER,DRIVER LICENSE
15442986,1,Y,1,DRIVER,DRIVER LICENSE
15334742,1,Y,1,DRIVER,DRIVER LICENSE
15339165,1,Y,1,DRIVER,DRIVER LICENSE
15356206,1,Y,1,DRIVER,DRIVER LICENSE
15495351,1,Y,1,DRIVER,DRIVER LICENSE
15442070,2,Y,1,DRIVER,DRIVER LICENSE
15464213,1,Y,1,DRIVER,DRIVER LICENSE
15357101,1,Y,1,DRIVER,DRIVER LICENSE
15413500,1,Y,1,DRIVER,DRIVER LICENSE
15418166,1,Y,1,DRIVER,DRIVER LICENSE
15373317,1,Y,1,DRIVER,DRIVER LICENSE
15461195,1,Y,1,DRIVER,DRIVER LICENSE
15467894,1,Y,1,DRIVER,DRIVER LICENSE
15339215,1,Y,1,DRIVER,DRIVER LICENSE
15458538,1,Y,1,DRIVER,DRIVER LICENSE
15492231,1,Y,1,DRIVER,DRIVER LICENSE
15336850,1,Y,1,DRIVER,DRIVER LICENSE
15481224,1,Y,1,DRIVER,DRIVER LICENSE
15403546,1,Y,1,DRIVER,DRIVER LICENSE
15376923,1,Y,1,DRIVER,DRIVER LICENSE
15333731,1,Y,1,DRIVER,COMMERCIAL DRIVER LIC.
15389395,1,Y,1,DRIVER,DRIVER LICENSE
15417076,1,Y,1,DRIVER,DRIVER LICENSE
15317149,1,Y,1,DRIVER,DRIVER LICENSE
15444266,3,Y,1,DRIVER,DRIVER LICENSE
15341457,1,Y,1,DRIVER,DRIVER LICENSE
15370738,3,Y,1,DRIVER,DRIVER LICENSE
15339255,5,Y,1,DRIVER,DRIVER LICENSE
15369161,1,Y,1,DRIVER,DRIVER LICENSE
15375183,1,Y,1,DRIVER,DRIVER LICENSE
15371837,1,Y,1,DRIVER,DRIVER LICENSE
15385311,3,Y,1,DRIVER,DRIVER LICENSE
15389899,1,Y,1,DRIVER,DRIVER LICENSE
15402902,1,Y,1,DRIVER,DRIVER LICENSE
15441837,1,Y,1,DRIVER,DRIVER LICENSE
15413791,1,Y,1,DRIVER,DRIVER LICENSE
15458627,3,Y,1,DRIVER,DRIVER LICENSE
15467346,1,Y,1,DRIVER,DRIVER LICENSE
15481972,2,Y,1,DRIVER,DRIVER LICENSE
15318663,1,Y,1,DRIVER,DRIVER LICENSE
15375259,1,Y,1,DRIVER,DRIVER LICENSE
15381443,1,Y,1,DRIVER,DRIVER LICENSE
15421601,1,Y,1,DRIVER,DRIVER LICENSE
15452356,1,Y,1,DRIVER,DRIVER LICENSE
15486869,2,Y,1,DRIVER,DRIVER LICENSE
15462179,1,Y,1,DRIVER,DRIVER LICENSE
15354359,1,Y,1,DRIVER,DRIVER LICENSE
15323611,1,Y,1,DRIVER,OCCUPATIONAL
15361951,1,Y,1,DRIVER,DRIVER LICENSE
15424831,1,Y,1,DRIVER,COMMERCIAL DRIVER LIC.
15347308,1,Y,1,DRIVER,DRIVER LICENSE
15378066,1,Y,1,DRIVER,DRIVER LICENSE
15579027,1,Y,1,DRIVER,DRIVER LICENSE
15431003,1,Y,1,DRIVER,DRIVER LICENSE
15450300,2,Y,1,DRIVER,DRIVER LICENSE
15427444,1,Y,1,DRIVER,DRIVER LICENSE
15467040,1,Y,1,DRIVER,DRIVER LICENSE
15501278,1,Y,1,DRIVER,DRIVER LICENSE
15483908,1,Y,1,DRIVER,DRIVER LICENSE
15628988,1,Y,1,DRIVER,DRIVER LICENSE
15499297,1,Y,1,DRIVER,DRIVER LICENSE
15519561,1,Y,1,DRIVER,DRIVER LICENSE
15518925,1,Y,1,DRIVER,DRIVER LICENSE
15535495,1,Y,1,DRIVER,DRIVER LICENSE
15626566,1,Y,1,DRIVER,DRIVER LICENSE
15503580,1,Y,1,DRIVER,DRIVER LICENSE
15535834,1,Y,1,DRIVER,DRIVER LICENSE
15524183,1,Y,1,DRIVER,DRIVER LICENSE
15503654,1,Y,1,DRIVER,DRIVER LICENSE
15493900,1,Y,1,DRIVER,DRIVER LICENSE
15503761,1,Y,1,DRIVER,DRIVER LICENSE
15502501,5,Y,1,DRIVER,DRIVER LICENSE
15615214,1,Y,1,DRIVER,DRIVER LICENSE
15506485,1,Y,1,DRIVER,DRIVER LICENSE
15511580,1,Y,1,DRIVER,DRIVER LICENSE
15496390,1,Y,1,DRIVER,DRIVER LICENSE
15502945,2,Y,1,DRIVER,DRIVER LICENSE
15557996,1,Y,1,DRIVER,DRIVER LICENSE
15496359,1,Y,1,DRIVER,DRIVER LICENSE
15506716,1,Y,1,DRIVER,DRIVER LICENSE
15513702,1,Y,1,DRIVER,COMMERCIAL DRIVER LIC.
15491712,1,Y,1,DRIVER,DRIVER LICENSE
15505991,1,Y,1,DRIVER,DRIVER LICENSE
15526358,1,Y,1,DRIVER,DRIVER LICENSE
15531765,1,Y,1,DRIVER,DRIVER LICENSE
15557992,1,Y,1,DRIVER,DRIVER LICENSE
15504238,1,Y,1,DRIVER,DRIVER LICENSE
15510079,1,Y,1,DRIVER,DRIVER LICENSE
15717892,1,Y,1,DRIVER,DRIVER LICENSE
15513475,3,Y,1,DRIVER,DRIVER LICENSE
15500266,1,Y,1,DRIVER,DRIVER LICENSE
15527529,1,Y,1,DRIVER,DRIVER LICENSE
15511956,1,Y,1,DRIVER,DRIVER LICENSE
15530972,1,Y,1,DRIVER,DRIVER LICENSE
15712435,1,Y,1,DRIVER,DRIVER LICENSE
15502501,6,Y,1,DRIVER,COMMERCIAL DRIVER LIC.
15500874,1,Y,1,DRIVER,DRIVER LICENSE
15502414,1,Y,1,DRIVER,DRIVER LICENSE
15518905,1,Y,1,DRIVER,DRIVER LICENSE
15507963,1,Y,1,DRIVER,DRIVER LICENSE
15511492,1,Y,1,DRIVER,DRIVER LICENSE
15505423,1,Y,1,DRIVER,DRIVER LICENSE
15502446,1,Y,1,DRIVER,DRIVER LICENSE
15507965,1,Y,1,DRIVER,DRIVER LICENSE
15532052,1,Y,1,DRIVER,DRIVER LICENSE
15503648,1,Y,1,DRIVER,DRIVER LICENSE
15497353,1,Y,1,DRIVER,DRIVER LICENSE
15505796,1,Y,1,DRIVER,DRIVER LICENSE
15530884,1,Y,1,DRIVER,DRIVER LICENSE
15542917,1,Y,1,DRIVER,DRIVER LICENSE
15530971,1,Y,1,DRIVER,DRIVER LICENSE
15549830,1,Y,1,DRIVER,DRIVER LICENSE
15502019,2,Y,1,DRIVER,DRIVER LICENSE
15581546,1,Y,1,DRIVER,DRIVER LICENSE
15522816,1,Y,1,DRIVER,DRIVER LICENSE
15550083,1,Y,1,DRIVER,DRIVER LICENSE
15502019,1,Y,1,DRIVER,DRIVER LICENSE
15531510,1,Y,1,DRIVER,DRIVER LICENSE
15518127,1,Y,1,DRIVER,DRIVER LICENSE
15490797,1,Y,1,DRIVER,DRIVER LICENSE
15527779,1,Y,1,DRIVER,DRIVER LICENSE
15532047,1,Y,1,DRIVER,DRIVER LICENSE
15536681,1,Y,1,DRIVER,DRIVER LICENSE
15519180,1,Y,1,DRIVER,COMMERCIAL DRIVER LIC.
15586876,1,Y,1,DRIVER,DRIVER LICENSE
15513298,1,Y,1,DRIVER,DRIVER LICENSE
15519065,1,Y,1,DRIVER,DRIVER LICENSE
15531510,2,Y,1,DRIVER,DRIVER LICENSE
15511641,1,Y,1,DRIVER,DRIVER LICENSE
15493899,1,Y,1,DRIVER,DRIVER LICENSE
15500275,1,Y,1,DRIVER,DRIVER LICENSE
15502191,2,Y,1,DRIVER,DRIVER LICENSE
15490998,2,Y,1,DRIVER,DRIVER LICENSE
15513475,2,Y,1,DRIVER,DRIVER LICENSE
15488844,1,Y,1,DRIVER,DRIVER LICENSE
15502501,1,Y,1,DRIVER,DRIVER LICENSE
15626392,2,Y,1,DRIVER,DRIVER LICENSE
15511624,1,Y,1,DRIVER,DRIVER LICENSE
15502501,4,Y,1,DRIVER,DRIVER LICENSE
15628185,1,Y,1,DRIVER,DRIVER LICENSE
15503641,1,Y,1,DRIVER,DRIVER LICENSE
15495694,2,Y,1,DRIVER,DRIVER LICENSE
15529707,1,Y,1,DRIVER,DRIVER LICENSE
15487019,1,Y,1,DRIVER,DRIVER LICENSE
15515959,1,Y,1,DRIVER,DRIVER LICENSE
15512172,2,Y,1,DRIVER,DRIVER LICENSE
15508623,1,Y,1,DRIVER,DRIVER LICENSE
15512263,1,Y,1,DRIVER,DRIVER LICENSE
15536928,1,Y,1,DRIVER,DRIVER LICENSE
15495694,3,Y,1,DRIVER,DRIVER LICENSE
15503641,2,Y,1,DRIVER,DRIVER LICENSE
15487014,1,Y,1,DRIVER,DRIVER LICENSE
15500075,1,Y,1,DRIVER,DRIVER LICENSE
15510634,2,Y,1,DRIVER,DRIVER LICENSE
15509047,1,Y,1,DRIVER,DRIVER LICENSE
15603620,1,Y,1,DRIVER,DRIVER LICENSE
15501807,1,Y,1,DRIVER,DRIVER LICENSE
15498403,1,Y,1,DRIVER,DRIVER LICENSE
15522664,1,Y,1,DRIVER,DRIVER LICENSE
15502290,1,Y,1,DRIVER,DRIVER LICENSE
15507686,1,Y,1,DRIVER,DRIVER LICENSE
15530010,1,Y,1,DRIVER,DRIVER LICENSE
15502501,2,Y,1,DRIVER,DRIVER LICENSE
15517058,1,Y,1,DRIVER,DRIVER LICENSE
15535175,1,Y,1,DRIVER,DRIVER LICENSE
15510672,1,Y,1,DRIVER,DRIVER LICENSE
15515149,2,Y,1,DRIVER,DRIVER LICENSE
15525961,1,Y,1,DRIVER,DRIVER LICENSE
15517490,1,Y,1,DRIVER,DRIVER LICENSE
