crash_id,unit_nbr,VEH_BODY_STYL_ID
14896848,1,MOTORCYCLE
14842773,2,MOTORCYCLE
14915359,2,MOTORCYCLE
14880774,2,MOTORCYCLE
14883240,2,MOTORCYCLE
14919216,2,MOTORCYCLE
14888611,1,MOTORCYCLE
14912824,3,MOTORCYCLE
14861654,1,MOTORCYCLE
14888678,2,MOTORCYCLE
14909430,2,MOTORCYCLE
14917647,4,MOTORCYCLE
14892317,2,MOTORCYCLE
14909455,2,MOTORCYCLE
14866688,1,MOTORCYCLE
14883225,1,MOTORCYCLE
14872506,1,MOTORCYCLE
14885353,1,MOTORCYCLE
14905780,2,MOTORCYCLE
14901419,1,MOTORCYCLE
14842665,2,MOTORCYCLE
14850788,2,MOTORCYCLE
14840537,2,MOTORCYCLE
14860782,2,MOTORCYCLE
14916274,1,MOTORCYCLE
14853368,1,MOTORCYCLE
14889921,1,MOTORCYCLE
14893022,1,MOTORCYCLE
14913732,1,MOTORCYCLE
14919494,1,MOTORCYCLE
14855642,1,MOTORCYCLE
14865251,2,MOTORCYCLE
14910330,2,MOTORCYCLE
14861050,2,MOTORCYCLE
14861627,2,MOTORCYCLE
14888365,2,MOTORCYCLE
14909681,2,MOTORCYCLE
14890013,2,MOTORCYCLE
14854198,1,MOTORCYCLE
14859363,2,MOTORCYCLE
14863670,2,MOTORCYCLE
14909385,2,MOTORCYCLE
14915445,1,MOTORCYCLE
14901157,2,MOTORCYCLE
14888683,1,MOTORCYCLE
14888888,1,MOTORCYCLE
14883430,2,MOTORCYCLE
14916528,2,MOTORCYCLE
14888810,1,MOTORCYCLE
14900471,1,MOTORCYCLE
14878076,2,MOTORCYCLE
14882525,1,MOTORCYCLE
14891260,2,MOTORCYCLE
14881302,1,MOTORCYCLE
14906268,1,MOTORCYCLE
14914416,1,MOTORCYCLE
14905933,1,MOTORCYCLE
14890008,2,MOTORCYCLE
14902076,2,MOTORCYCLE
14901415,1,MOTORCYCLE
14872645,1,MOTORCYCLE
14900449,1,MOTORCYCLE
14896268,1,MOTORCYCLE
14919717,2,MOTORCYCLE
14891232,1,MOTORCYCLE
14898984,1,MOTORCYCLE
14915600,2,MOTORCYCLE
14875432,2,MOTORCYCLE
14858705,1,MOTORCYCLE
14902598,1,MOTORCYCLE
14874290,2,MOTORCYCLE
14872843,1,MOTORCYCLE
14880283,2,MOTORCYCLE
14871580,1,MOTORCYCLE
14855428,2,MOTORCYCLE
14906557,1,MOTORCYCLE
14894536,2,MOTORCYCLE
14899029,1,MOTORCYCLE
14867443,3,MOTORCYCLE
14889254,1,MOTORCYCLE
14898984,2,MOTORCYCLE
14858229,2,MOTORCYCLE
14896495,1,MOTORCYCLE
14878676,1,MOTORCYCLE
14902687,1,MOTORCYCLE
14920080,1,MOTORCYCLE
14899284,1,MOTORCYCLE
14891984,1,MOTORCYCLE
14863142,2,MOTORCYCLE
14916528,1,MOTORCYCLE
14883435,1,MOTORCYCLE
14898989,1,MOTORCYCLE
14925109,2,MOTORCYCLE
14974600,2,MOTORCYCLE
14932694,2,MOTORCYCLE
14940254,2,MOTORCYCLE
14948151,2,MOTORCYCLE
14982941,1,MOTORCYCLE
14925263,1,MOTORCYCLE
14945933,1,MOTORCYCLE
14948767,2,MOTORCYCLE
14923320,2,MOTORCYCLE
14970438,2,MOTORCYCLE
14955067,1,MOTORCYCLE
14974457,1,MOTORCYCLE
14959434,2,MOTORCYCLE
14968441,1,MOTORCYCLE
14932523,2,MOTORCYCLE
14946617,1,MOTORCYCLE
14934714,2,MOTORCYCLE
14951842,4,MOTORCYCLE
14921834,2,MOTORCYCLE
14943639,3,MOTORCYCLE
14921877,2,MOTORCYCLE
14937631,2,MOTORCYCLE
14946940,2,MOTORCYCLE
14946265,2,MOTORCYCLE
14941185,2,MOTORCYCLE
14963473,1,MOTORCYCLE
14983232,2,MOTORCYCLE
14932523,4,MOTORCYCLE
14968837,1,MOTORCYCLE
14943971,2,MOTORCYCLE
14946879,2,MOTORCYCLE
14932787,2,MOTORCYCLE
14948815,3,MOTORCYCLE
14981159,2,MOTORCYCLE
14961327,2,MOTORCYCLE
14966198,1,MOTORCYCLE
15101327,2,MOTORCYCLE
14970172,2,MOTORCYCLE
14959049,1,MOTORCYCLE
14976402,1,MOTORCYCLE
14979903,2,MOTORCYCLE
14944481,1,MOTORCYCLE
14932523,3,MOTORCYCLE
14925546,2,MOTORCYCLE
14955370,1,MOTORCYCLE
14971515,1,MOTORCYCLE
14980731,4,MOTORCYCLE
14939305,2,MOTORCYCLE
14953942,1,MOTORCYCLE
14958707,1,MOTORCYCLE
14954189,2,MOTORCYCLE
14923953,1,MOTORCYCLE
14986551,2,MOTORCYCLE
14972605,2,MOTORCYCLE
14935162,2,MOTORCYCLE
14978678,1,MOTORCYCLE
14947649,2,MOTORCYCLE
14929575,2,MOTORCYCLE
14938064,1,MOTORCYCLE
14941912,3,MOTORCYCLE
14954085,3,MOTORCYCLE
14966103,2,MOTORCYCLE
14921295,1,MOTORCYCLE
14936103,2,MOTORCYCLE
14944292,2,MOTORCYCLE
14968192,2,MOTORCYCLE
14987085,1,MOTORCYCLE
14966236,1,MOTORCYCLE
14923729,2,MOTORCYCLE
14930818,2,MOTORCYCLE
14937066,2,MOTORCYCLE
14977546,1,MOTORCYCLE
14946803,1,MOTORCYCLE
14936734,2,MOTORCYCLE
14981969,4,MOTORCYCLE
14977407,2,MOTORCYCLE
14980533,1,MOTORCYCLE
14937166,2,MOTORCYCLE
14982935,2,MOTORCYCLE
14925505,3,MOTORCYCLE
15127267,2,MOTORCYCLE
14927427,2,MOTORCYCLE
14928885,2,MOTORCYCLE
14970407,2,MOTORCYCLE
14981251,1,MOTORCYCLE
14926725,1,MOTORCYCLE
14969512,2,MOTORCYCLE
14930521,1,MOTORCYCLE
14948238,1,MOTORCYCLE
14978295,2,MOTORCYCLE
15000073,2,MOTORCYCLE
14980293,2,MOTORCYCLE
14950216,1,MOTORCYCLE
14939121,1,MOTORCYCLE
14934317,1,MOTORCYCLE
14944151,1,MOTORCYCLE
14969902,2,MOTORCYCLE
14985204,3,MOTORCYCLE
14976492,1,MOTORCYCLE
14967195,1,MOTORCYCLE
14939538,4,MOTORCYCLE
14931654,1,MOTORCYCLE
15002393,1,MOTORCYCLE
15070399,1,MOTORCYCLE
15017875,1,MOTORCYCLE
15000191,1,MOTORCYCLE
15080148,1,MOTORCYCLE
15010908,1,MOTORCYCLE
15043102,1,MOTORCYCLE
14998613,1,MOTORCYCLE
15024559,2,MOTORCYCLE
14991859,3,MOTORCYCLE
15035829,2,MOTORCYCLE
15050067,1,MOTORCYCLE
15045342,1,MOTORCYCLE
15006935,2,MOTORCYCLE
15040449,2,MOTORCYCLE
15088560,2,MOTORCYCLE
15088403,2,MOTORCYCLE
15023070,1,MOTORCYCLE
15051763,2,MOTORCYCLE
14993482,2,MOTORCYCLE
15015780,1,MOTORCYCLE
15077180,2,MOTORCYCLE
15070323,1,MOTORCYCLE
15042053,2,MOTORCYCLE
15012693,1,MOTORCYCLE
15026408,1,MOTORCYCLE
15034589,2,MOTORCYCLE
15022406,3,MOTORCYCLE
15002773,1,MOTORCYCLE
15081679,1,MOTORCYCLE
15002977,2,MOTORCYCLE
15046786,2,MOTORCYCLE
15005308,1,MOTORCYCLE
15094995,2,MOTORCYCLE
15000104,1,MOTORCYCLE
15035341,2,MOTORCYCLE
15044241,1,MOTORCYCLE
14990040,2,MOTORCYCLE
15044779,1,MOTORCYCLE
14993316,1,MOTORCYCLE
15008214,1,MOTORCYCLE
15044036,2,MOTORCYCLE
15005473,2,MOTORCYCLE
15033863,1,MOTORCYCLE
15000322,2,MOTORCYCLE
15110581,1,MOTORCYCLE
15095030,2,MOTORCYCLE
15023040,1,MOTORCYCLE
14990274,1,MOTORCYCLE
15013972,2,MOTORCYCLE
15042729,2,MOTORCYCLE
14998053,4,MOTORCYCLE
15015820,2,MOTORCYCLE
14998176,2,MOTORCYCLE
15030269,1,MOTORCYCLE
15002799,1,MOTORCYCLE
15013628,2,MOTORCYCLE
15052485,1,MOTORCYCLE
15024640,1,MOTORCYCLE
15038126,2,MOTORCYCLE
15025146,2,MOTORCYCLE
15050068,2,MOTORCYCLE
15034103,1,MOTORCYCLE
15004311,1,MOTORCYCLE
14999040,2,MOTORCYCLE
15010880,2,MOTORCYCLE
15041118,2,MOTORCYCLE
15071287,2,MOTORCYCLE
14998194,1,MOTORCYCLE
15048668,2,MOTORCYCLE
15010908,2,MOTORCYCLE
15013502,2,MOTORCYCLE
15040954,2,MOTORCYCLE
15013044,1,MOTORCYCLE
15017363,2,MOTORCYCLE
15037132,1,MOTORCYCLE
15013376,2,MOTORCYCLE
15047870,2,MOTORCYCLE
15010045,2,MOTORCYCLE
15028293,1,MOTORCYCLE
15043779,2,MOTORCYCLE
14996110,1,MOTORCYCLE
15069529,1,MOTORCYCLE
15018649,2,MOTORCYCLE
15028018,2,MOTORCYCLE
14988821,1,MOTORCYCLE
15008051,2,MOTORCYCLE
14992005,1,MOTORCYCLE
15069514,1,MOTORCYCLE
15052787,1,MOTORCYCLE
15087444,2,MOTORCYCLE
15021507,2,MOTORCYCLE
15072109,1,MOTORCYCLE
15006319,1,MOTORCYCLE
15018769,2,MOTORCYCLE
14994620,2,MOTORCYCLE
15009353,1,MOTORCYCLE
15010403,2,MOTORCYCLE
15050662,2,MOTORCYCLE
15044196,2,MOTORCYCLE
15000451,2,MOTORCYCLE
14991031,1,MOTORCYCLE
15029878,2,MOTORCYCLE
15016955,2,MOTORCYCLE
15078068,1,MOTORCYCLE
15084379,1,MOTORCYCLE
15022698,1,MOTORCYCLE
15018508,2,MOTORCYCLE
15053089,2,MOTORCYCLE
15090669,2,MOTORCYCLE
14998985,2,MOTORCYCLE
15019010,1,MOTORCYCLE
15014959,1,MOTORCYCLE
15087826,2,MOTORCYCLE
15015644,1,MOTORCYCLE
15028553,1,MOTORCYCLE
15050038,2,MOTORCYCLE
15068525,1,MOTORCYCLE
15120442,1,MOTORCYCLE
15115881,5,MOTORCYCLE
15072230,2,MOTORCYCLE
15093082,1,MOTORCYCLE
15140546,2,MOTORCYCLE
15055564,2,MOTORCYCLE
15078523,2,MOTORCYCLE
15137720,1,MOTORCYCLE
15127240,1,MOTORCYCLE
15071401,2,MOTORCYCLE
15085115,2,MOTORCYCLE
15088442,1,MOTORCYCLE
15134780,2,MOTORCYCLE
15088645,3,MOTORCYCLE
15110798,1,MOTORCYCLE
15139972,2,MOTORCYCLE
15142067,1,MOTORCYCLE
15111691,2,MOTORCYCLE
15089419,2,MOTORCYCLE
15080612,1,MOTORCYCLE
15139141,2,MOTORCYCLE
15083076,2,MOTORCYCLE
15133006,2,POLICE MOTORCYCLE
15104720,2,MOTORCYCLE
15115258,1,MOTORCYCLE
15522975,2,MOTORCYCLE
15117524,2,MOTORCYCLE
15102819,1,MOTORCYCLE
15139062,2,MOTORCYCLE
15088389,2,MOTORCYCLE
15117524,3,MOTORCYCLE
15111209,3,MOTORCYCLE
15068750,1,MOTORCYCLE
15067527,1,MOTORCYCLE
15056177,1,MOTORCYCLE
15112897,2,MOTORCYCLE
15087550,2,MOTORCYCLE
15056034,2,MOTORCYCLE
15089542,2,MOTORCYCLE
15099738,2,MOTORCYCLE
15140900,1,MOTORCYCLE
15077202,1,MOTORCYCLE
15091669,2,MOTORCYCLE
15096722,2,MOTORCYCLE
15099361,2,MOTORCYCLE
14504626,2,MOTORCYCLE
15112138,2,MOTORCYCLE
15173752,1,MOTORCYCLE
15093500,4,MOTORCYCLE
15088129,1,MOTORCYCLE
15090012,1,MOTORCYCLE
15069994,2,MOTORCYCLE
15097633,1,MOTORCYCLE
15113624,1,MOTORCYCLE
15092280,3,MOTORCYCLE
15125676,1,MOTORCYCLE
15083562,2,MOTORCYCLE
15098052,2,MOTORCYCLE
15091392,1,MOTORCYCLE
15109888,2,MOTORCYCLE
15119484,1,MOTORCYCLE
15126692,2,MOTORCYCLE
15129930,2,MOTORCYCLE
15125163,1,MOTORCYCLE
15128937,2,MOTORCYCLE
15133952,2,MOTORCYCLE
15079182,1,MOTORCYCLE
15077518,1,MOTORCYCLE
15112589,1,MOTORCYCLE
15068241,1,MOTORCYCLE
15119409,2,MOTORCYCLE
15087427,2,MOTORCYCLE
15107465,1,MOTORCYCLE
15131346,1,MOTORCYCLE
15180099,2,MOTORCYCLE
15561244,1,MOTORCYCLE
15141515,1,MOTORCYCLE
15101416,2,MOTORCYCLE
15190908,1,MOTORCYCLE
15104288,2,MOTORCYCLE
15052552,1,MOTORCYCLE
15124408,1,MOTORCYCLE
15112627,2,MOTORCYCLE
15177832,1,MOTORCYCLE
15109435,1,MOTORCYCLE
15114044,1,MOTORCYCLE
15126540,1,MOTORCYCLE
15116468,2,MOTORCYCLE
15101930,2,MOTORCYCLE
15105604,2,MOTORCYCLE
15091555,2,MOTORCYCLE
15080682,2,MOTORCYCLE
15107598,2,MOTORCYCLE
15156395,1,MOTORCYCLE
15186745,3,MOTORCYCLE
15187217,2,MOTORCYCLE
15194267,1,MOTORCYCLE
15177959,1,MOTORCYCLE
15152122,2,MOTORCYCLE
15215534,2,MOTORCYCLE
15179264,1,MOTORCYCLE
15188330,1,MOTORCYCLE
15148818,2,MOTORCYCLE
15184211,2,MOTORCYCLE
15158328,2,MOTORCYCLE
15190843,1,MOTORCYCLE
14673345,2,MOTORCYCLE
15202525,2,MOTORCYCLE
15208414,1,MOTORCYCLE
15187669,2,MOTORCYCLE
15161097,1,MOTORCYCLE
15192088,2,MOTORCYCLE
15151119,2,MOTORCYCLE
15172543,2,MOTORCYCLE
15164313,1,MOTORCYCLE
15198532,2,MOTORCYCLE
15195579,2,MOTORCYCLE
15150152,2,MOTORCYCLE
15163849,1,MOTORCYCLE
15203914,2,MOTORCYCLE
15174773,1,MOTORCYCLE
15158453,1,MOTORCYCLE
15153908,2,MOTORCYCLE
15215876,1,MOTORCYCLE
15210724,2,MOTORCYCLE
15154572,5,MOTORCYCLE
15186745,2,MOTORCYCLE
15191566,2,MOTORCYCLE
15209513,2,MOTORCYCLE
15215129,2,MOTORCYCLE
15155063,3,POLICE MOTORCYCLE
15184995,3,MOTORCYCLE
15199575,2,MOTORCYCLE
15157596,1,MOTORCYCLE
15196688,1,MOTORCYCLE
15162747,3,MOTORCYCLE
15206601,1,MOTORCYCLE
15148282,2,MOTORCYCLE
15187255,1,MOTORCYCLE
15202095,2,MOTORCYCLE
15213233,2,MOTORCYCLE
15201427,1,MOTORCYCLE
15158937,2,MOTORCYCLE
15157141,2,MOTORCYCLE
15172548,1,MOTORCYCLE
15207247,1,MOTORCYCLE
15159713,2,MOTORCYCLE
15192643,1,MOTORCYCLE
15215739,3,MOTORCYCLE
15165410,1,MOTORCYCLE
15174741,2,MOTORCYCLE
15153670,1,MOTORCYCLE
15165323,2,MOTORCYCLE
15181210,2,MOTORCYCLE
15186393,1,MOTORCYCLE
15699967,2,MOTORCYCLE
15188763,2,MOTORCYCLE
15170392,1,MOTORCYCLE
15154979,1,MOTORCYCLE
15185163,2,MOTORCYCLE
15156983,1,MOTORCYCLE
15213973,2,MOTORCYCLE
15188855,2,MOTORCYCLE
15194742,1,MOTORCYCLE
15164226,1,MOTORCYCLE
15189032,1,MOTORCYCLE
15185032,1,MOTORCYCLE
15208517,2,MOTORCYCLE
15151119,3,MOTORCYCLE
15189783,1,MOTORCYCLE
15175697,1,MOTORCYCLE
15237398,1,MOTORCYCLE
15167355,1,MOTORCYCLE
15209482,2,MOTORCYCLE
15189147,1,MOTORCYCLE
15211705,2,MOTORCYCLE
15200420,1,MOTORCYCLE
15315137,2,MOTORCYCLE
15189747,2,MOTORCYCLE
15205719,2,MOTORCYCLE
15209925,2,MOTORCYCLE
15181129,1,MOTORCYCLE
15169417,2,MOTORCYCLE
15187101,1,MOTORCYCLE
15190842,1,MOTORCYCLE
15207303,1,MOTORCYCLE
15166369,1,MOTORCYCLE
15182852,1,MOTORCYCLE
15202052,2,MOTORCYCLE
15207177,2,MOTORCYCLE
15164065,2,MOTORCYCLE
15149433,2,MOTORCYCLE
15179344,2,MOTORCYCLE
15160821,1,MOTORCYCLE
15212662,2,MOTORCYCLE
15157344,1,MOTORCYCLE
15193644,2,MOTORCYCLE
15195614,2,MOTORCYCLE
15215737,1,MOTORCYCLE
15188330,2,MOTORCYCLE
15198573,2,MOTORCYCLE
15164795,1,MOTORCYCLE
15205415,1,MOTORCYCLE
15207109,1,MOTORCYCLE
15210163,1,MOTORCYCLE
15201231,2,MOTORCYCLE
15181802,1,MOTORCYCLE
15159713,1,MOTORCYCLE
15147613,2,MOTORCYCLE
15152243,1,MOTORCYCLE
15213996,1,MOTORCYCLE
15175818,2,MOTORCYCLE
15147982,1,MOTORCYCLE
15155720,1,MOTORCYCLE
15193579,1,MOTORCYCLE
15185191,1,MOTORCYCLE
15195384,1,MOTORCYCLE
15174857,2,MOTORCYCLE
15207888,1,MOTORCYCLE
15197631,1,MOTORCYCLE
15166323,2,MOTORCYCLE
15164206,1,MOTORCYCLE
15201086,2,MOTORCYCLE
15185713,2,MOTORCYCLE
15215739,2,MOTORCYCLE
15209723,2,MOTORCYCLE
15207168,2,MOTORCYCLE
15175818,3,MOTORCYCLE
15169996,2,MOTORCYCLE
15149466,2,MOTORCYCLE
15145288,2,MOTORCYCLE
15315064,2,MOTORCYCLE
15205519,2,MOTORCYCLE
15230887,3,MOTORCYCLE
15270372,2,MOTORCYCLE
15247606,1,MOTORCYCLE
15299250,1,MOTORCYCLE
15273143,1,MOTORCYCLE
15288485,2,MOTORCYCLE
15219650,1,MOTORCYCLE
15269678,2,MOTORCYCLE
15261577,1,MOTORCYCLE
15276910,1,MOTORCYCLE
15218791,2,MOTORCYCLE
15241636,2,MOTORCYCLE
15299358,1,MOTORCYCLE
15264186,1,MOTORCYCLE
15247926,1,MOTORCYCLE
15273253,2,MOTORCYCLE
15253750,1,MOTORCYCLE
15236564,2,MOTORCYCLE
15243475,2,MOTORCYCLE
15287490,2,MOTORCYCLE
15251062,1,MOTORCYCLE
15242521,2,MOTORCYCLE
15267141,1,MOTORCYCLE
15270567,1,MOTORCYCLE
15228959,2,MOTORCYCLE
15349329,2,MOTORCYCLE
15216860,2,MOTORCYCLE
15240677,1,MOTORCYCLE
15394569,2,MOTORCYCLE
15297174,1,MOTORCYCLE
15242754,3,MOTORCYCLE
15247031,1,MOTORCYCLE
15281241,2,MOTORCYCLE
15238263,2,MOTORCYCLE
15262131,1,MOTORCYCLE
15217990,2,MOTORCYCLE
15262064,2,MOTORCYCLE
15287822,1,MOTORCYCLE
15284675,2,MOTORCYCLE
15236508,2,MOTORCYCLE
15247608,1,MOTORCYCLE
15260322,2,MOTORCYCLE
15268793,2,MOTORCYCLE
15226505,1,MOTORCYCLE
15276810,1,MOTORCYCLE
15252022,1,MOTORCYCLE
15263040,1,MOTORCYCLE
15244233,2,MOTORCYCLE
15254390,2,MOTORCYCLE
15300277,1,MOTORCYCLE
15252689,1,MOTORCYCLE
15263063,3,POLICE MOTORCYCLE
15234435,1,MOTORCYCLE
15224671,1,MOTORCYCLE
15242754,2,MOTORCYCLE
15293480,2,MOTORCYCLE
15224429,1,MOTORCYCLE
15229305,2,MOTORCYCLE
15243475,3,MOTORCYCLE
15228285,1,MOTORCYCLE
15225183,1,MOTORCYCLE
15227332,2,MOTORCYCLE
15250503,2,MOTORCYCLE
15236082,1,MOTORCYCLE
15260527,3,MOTORCYCLE
15229398,3,MOTORCYCLE
15251167,1,MOTORCYCLE
15261577,2,MOTORCYCLE
15241953,1,MOTORCYCLE
15238746,2,MOTORCYCLE
15304625,2,MOTORCYCLE
15245674,2,MOTORCYCLE
15276404,2,MOTORCYCLE
15239066,1,MOTORCYCLE
15233682,1,MOTORCYCLE
15234755,1,MOTORCYCLE
15298226,2,MOTORCYCLE
15253886,2,MOTORCYCLE
15290767,2,MOTORCYCLE
15226183,1,MOTORCYCLE
15242170,1,MOTORCYCLE
15235232,2,MOTORCYCLE
15258630,2,MOTORCYCLE
15234838,1,MOTORCYCLE
15242539,1,MOTORCYCLE
15243364,1,MOTORCYCLE
15238743,2,MOTORCYCLE
15241352,1,MOTORCYCLE
15277247,2,MOTORCYCLE
15261308,1,MOTORCYCLE
15266801,1,MOTORCYCLE
15227142,1,MOTORCYCLE
15228061,1,MOTORCYCLE
15234985,2,MOTORCYCLE
15254690,1,MOTORCYCLE
15226469,1,MOTORCYCLE
15245906,2,MOTORCYCLE
15258469,2,MOTORCYCLE
15250758,2,MOTORCYCLE
15255249,1,MOTORCYCLE
15283078,1,MOTORCYCLE
15270266,1,MOTORCYCLE
15217035,1,MOTORCYCLE
15353342,1,MOTORCYCLE
15413514,1,MOTORCYCLE
15376983,2,MOTORCYCLE
15312081,1,MOTORCYCLE
15356285,1,MOTORCYCLE
15390353,3,MOTORCYCLE
15347036,2,MOTORCYCLE
15432490,1,MOTORCYCLE
15443852,1,MOTORCYCLE
15368432,2,MOTORCYCLE
15456193,1,MOTORCYCLE
15359861,1,MOTORCYCLE
15309478,1,MOTORCYCLE
15334385,2,MOTORCYCLE
15322225,2,MOTORCYCLE
15371765,2,MOTORCYCLE
15415081,1,MOTORCYCLE
15440548,2,MOTORCYCLE
15386364,1,MOTORCYCLE
15468104,1,MOTORCYCLE
15434688,1,MOTORCYCLE
15431850,1,MOTORCYCLE
15431483,1,MOTORCYCLE
15423499,1,MOTORCYCLE
15427215,1,MOTORCYCLE
15311401,1,MOTORCYCLE
15334831,2,MOTORCYCLE
15306789,2,MOTORCYCLE
15457046,2,MOTORCYCLE
15396023,1,MOTORCYCLE
15344553,2,MOTORCYCLE
15431747,6,MOTORCYCLE
15347363,1,MOTORCYCLE
15430315,1,MOTORCYCLE
15379778,1,MOTORCYCLE
15443852,2,MOTORCYCLE
15313056,1,MOTORCYCLE
15317167,2,MOTORCYCLE
15412770,1,MOTORCYCLE
15379509,3,MOTORCYCLE
15411434,3,MOTORCYCLE
15388050,1,MOTORCYCLE
15422913,1,MOTORCYCLE
15307231,1,MOTORCYCLE
15378703,2,MOTORCYCLE
15436960,2,MOTORCYCLE
15329801,1,MOTORCYCLE
15463237,1,MOTORCYCLE
15372894,1,MOTORCYCLE
15471307,1,MOTORCYCLE
15384891,1,MOTORCYCLE
15460979,3,MOTORCYCLE
15443591,1,MOTORCYCLE
15326788,1,MOTORCYCLE
15390994,2,MOTORCYCLE
15359650,1,MOTORCYCLE
15452308,3,MOTORCYCLE
15315969,1,MOTORCYCLE
15425248,4,MOTORCYCLE
15360571,2,MOTORCYCLE
15377621,2,MOTORCYCLE
15389820,2,MOTORCYCLE
15454255,1,MOTORCYCLE
15329261,2,MOTORCYCLE
15397658,2,MOTORCYCLE
15356779,2,MOTORCYCLE
15431895,1,MOTORCYCLE
15317011,1,MOTORCYCLE
15438632,2,MOTORCYCLE
15375497,1,MOTORCYCLE
15344487,1,MOTORCYCLE
15416284,1,MOTORCYCLE
15397948,1,MOTORCYCLE
15443021,2,MOTORCYCLE
15330506,1,MOTORCYCLE
15352001,1,MOTORCYCLE
15435778,2,MOTORCYCLE
15420414,2,MOTORCYCLE
15338625,1,MOTORCYCLE
15310472,1,MOTORCYCLE
15462780,2,MOTORCYCLE
15350686,2,MOTORCYCLE
15413129,1,MOTORCYCLE
15384911,1,MOTORCYCLE
15350401,1,MOTORCYCLE
15370987,1,MOTORCYCLE
15415257,2,MOTORCYCLE
15425337,2,MOTORCYCLE
15339729,1,MOTORCYCLE
15353642,1,MOTORCYCLE
15400609,1,MOTORCYCLE
15313370,2,MOTORCYCLE
15399675,1,MOTORCYCLE
15415308,2,MOTORCYCLE
15311089,1,MOTORCYCLE
15426320,2,MOTORCYCLE
15330079,3,MOTORCYCLE
15327483,2,MOTORCYCLE
15355422,2,MOTORCYCLE
15496183,2,MOTORCYCLE
15545234,1,MOTORCYCLE
15491638,1,MOTORCYCLE
15498422,1,MOTORCYCLE
15597352,1,MOTORCYCLE
15504720,1,MOTORCYCLE
15738225,2,MOTORCYCLE
15550369,2,MOTORCYCLE
15617311,1,MOTORCYCLE
15514416,1,MOTORCYCLE
15481288,2,MOTORCYCLE
15511884,2,MOTORCYCLE
15628134,2,MOTORCYCLE
15513712,1,MOTORCYCLE
15630307,2,MOTORCYCLE
15508758,1,MOTORCYCLE
15489859,1,MOTORCYCLE
15552416,1,MOTORCYCLE
15487934,1,MOTORCYCLE
15489485,2,MOTORCYCLE
15522938,2,MOTORCYCLE
15512291,2,MOTORCYCLE
15500991,1,MOTORCYCLE
15499290,1,MOTORCYCLE
15529740,2,MOTORCYCLE
